family_id,is_low_sensitivity,alpha,S_lp_injected,delta_S_lp
CM_A_001,True,0.0,-0.1875,-0.1875
CM_A_001,True,0.25,0.0625,0.0625
CM_A_001,True,0.5,0.21875,0.21875
CM_A_001,True,1.0,0.53125,0.53125
CM_A_001,True,1.5,0.875,0.875
CM_A_001,True,2.0,1.234375,1.234375
CM_A_STD_001,True,0.0,-0.359375,0.078125
CM_A_STD_001,True,0.25,-0.203125,0.234375
CM_A_STD_001,True,0.5,0.03125,0.46875
CM_A_STD_001,True,1.0,0.375,0.8125
CM_A_STD_001,True,1.5,0.765625,1.203125
CM_A_STD_001,True,2.0,1.125,1.5625
CM_A_STD_009,True,0.0,-1.046875,-0.046875
CM_A_STD_009,True,0.25,-0.984375,0.015625
CM_A_STD_009,True,0.5,-0.875,0.125
CM_A_STD_009,True,1.0,-0.859375,0.140625
CM_A_STD_009,True,1.5,-0.75,0.25
CM_A_STD_009,True,2.0,-0.6875,0.3125
CM_A_STD_012,True,0.0,-0.609375,0.09375
CM_A_STD_012,True,0.25,-0.421875,0.28125
CM_A_STD_012,True,0.5,-0.34375,0.359375
CM_A_STD_012,True,1.0,-0.0625,0.640625
CM_A_STD_012,True,1.5,0.203125,0.90625
CM_A_STD_012,True,2.0,0.546875,1.25
CM_A_STD_013,True,0.0,-0.875,-0.03125
CM_A_STD_013,True,0.25,-0.9375,-0.09375
CM_A_STD_013,True,0.5,-0.9375,-0.09375
CM_A_STD_013,True,1.0,-0.875,-0.03125
CM_A_STD_013,True,1.5,-0.90625,-0.0625
CM_A_STD_013,True,2.0,-0.75,0.09375
CM_A_STD_015,True,0.0,-0.453125,-0.015625
CM_A_STD_015,True,0.25,-0.46875,-0.03125
CM_A_STD_015,True,0.5,-0.40625,0.03125
CM_A_STD_015,True,1.0,-0.4375,0.0
CM_A_STD_015,True,1.5,-0.375,0.0625
CM_A_STD_015,True,2.0,-0.34375,0.09375
CM_A_STD_020,True,0.0,-0.109375,-0.046875
CM_A_STD_020,True,0.25,-0.0625,0.0
CM_A_STD_020,True,0.5,-0.03125,0.03125
CM_A_STD_020,True,1.0,-0.0625,0.0
CM_A_STD_020,True,1.5,-0.03125,0.03125
CM_A_STD_020,True,2.0,0.015625,0.078125
CM_B_002,True,0.0,-0.71875,-0.03125
CM_B_002,True,0.25,-0.5625,0.125
CM_B_002,True,0.5,-0.40625,0.28125
CM_B_002,True,1.0,-0.140625,0.546875
CM_B_002,True,1.5,0.125,0.8125
CM_B_002,True,2.0,0.375,1.0625
CM_B_003,True,0.0,-0.296875,0.046875
CM_B_003,True,0.25,-0.296875,0.046875
CM_B_003,True,0.5,-0.25,0.09375
CM_B_003,True,1.0,-0.296875,0.046875
CM_B_003,True,1.5,-0.28125,0.0625
CM_B_003,True,2.0,-0.28125,0.0625
CM_B_007,True,0.0,-0.640625,-0.015625
CM_B_007,True,0.25,-0.328125,0.296875
CM_B_007,True,0.5,-0.171875,0.453125
CM_B_007,True,1.0,0.34375,0.96875
CM_B_007,True,1.5,0.796875,1.421875
CM_B_007,True,2.0,1.28125,1.90625
CM_B_008,True,0.0,-0.265625,-1.171875
CM_B_008,True,0.25,-0.28125,-1.1875
CM_B_008,True,0.5,-0.1875,-1.09375
CM_B_008,True,1.0,-0.15625,-1.0625
CM_B_008,True,1.5,-0.171875,-1.078125
CM_B_008,True,2.0,-0.109375,-1.015625
CM_B_010,True,0.0,-0.484375,-0.046875
CM_B_010,True,0.25,-0.5,-0.0625
CM_B_010,True,0.5,-0.515625,-0.078125
CM_B_010,True,1.0,-0.453125,-0.015625
CM_B_010,True,1.5,-0.453125,-0.015625
CM_B_010,True,2.0,-0.40625,0.03125
CM_B_STD_001,True,0.0,0.0,0.09375
CM_B_STD_001,True,0.25,0.125,0.21875
CM_B_STD_001,True,0.5,0.28125,0.375
CM_B_STD_001,True,1.0,0.5625,0.65625
CM_B_STD_001,True,1.5,0.84375,0.9375
CM_B_STD_001,True,2.0,1.0625,1.15625
CM_B_STD_008,True,0.0,-0.6875,0.84375
CM_B_STD_008,True,0.25,-0.71875,0.8125
CM_B_STD_008,True,0.5,-0.625,0.90625
CM_B_STD_008,True,1.0,-0.65625,0.875
CM_B_STD_008,True,1.5,-0.53125,1.0
CM_B_STD_008,True,2.0,-0.4375,1.09375
CM_B_UM_004,True,0.0,-0.34375,0.0
CM_B_UM_004,True,0.25,-0.359375,-0.015625
CM_B_UM_004,True,0.5,-0.328125,0.015625
CM_B_UM_004,True,1.0,-0.296875,0.046875
CM_B_UM_004,True,1.5,-0.25,0.09375
CM_B_UM_004,True,2.0,-0.25,0.09375
CM_B_UM_005,True,0.0,-0.703125,-0.140625
CM_B_UM_005,True,0.25,-0.71875,-0.15625
CM_B_UM_005,True,0.5,-0.6875,-0.125
CM_B_UM_005,True,1.0,-0.65625,-0.09375
CM_B_UM_005,True,1.5,-0.609375,-0.046875
CM_B_UM_005,True,2.0,-0.640625,-0.078125
CM_B_UM_007,True,0.0,-0.515625,0.015625
CM_B_UM_007,True,0.25,-0.515625,0.015625
CM_B_UM_007,True,0.5,-0.515625,0.015625
CM_B_UM_007,True,1.0,-0.5,0.03125
CM_B_UM_007,True,1.5,-0.5,0.03125
CM_B_UM_007,True,2.0,-0.40625,0.125
CM_B_UM_008,True,0.0,-0.8125,0.09375
CM_B_UM_008,True,0.25,-0.828125,0.078125
CM_B_UM_008,True,0.5,-0.859375,0.046875
CM_B_UM_008,True,1.0,-0.765625,0.140625
CM_B_UM_008,True,1.5,-0.734375,0.171875
CM_B_UM_008,True,2.0,-0.75,0.15625
CM_B_UM_011,True,0.0,-0.421875,-0.015625
CM_B_UM_011,True,0.25,-0.4375,-0.03125
CM_B_UM_011,True,0.5,-0.421875,-0.015625
CM_B_UM_011,True,1.0,-0.40625,0.0
CM_B_UM_011,True,1.5,-0.390625,0.015625
CM_B_UM_011,True,2.0,-0.421875,-0.015625
CM_B_UM_017,True,0.0,-0.28125,-0.125
CM_B_UM_017,True,0.25,-0.03125,0.125
CM_B_UM_017,True,0.5,0.125,0.28125
CM_B_UM_017,True,1.0,0.578125,0.734375
CM_B_UM_017,True,1.5,1.109375,1.265625
CM_B_UM_017,True,2.0,1.515625,1.671875
CM_B_UM_018,True,0.0,-0.453125,-0.03125
CM_B_UM_018,True,0.25,-0.203125,0.21875
CM_B_UM_018,True,0.5,-0.109375,0.3125
CM_B_UM_018,True,1.0,0.46875,0.890625
CM_B_UM_018,True,1.5,0.859375,1.28125
CM_B_UM_018,True,2.0,1.453125,1.875
CM_B_UM_019,True,0.0,-0.515625,-0.0625
CM_B_UM_019,True,0.25,-0.203125,0.25
CM_B_UM_019,True,0.5,-0.21875,0.234375
CM_B_UM_019,True,1.0,0.09375,0.546875
CM_B_UM_019,True,1.5,0.359375,0.8125
CM_B_UM_019,True,2.0,0.703125,1.15625
CM_B_UM_021,True,0.0,-0.8984375,-0.234375
CM_B_UM_021,True,0.25,-0.6953125,-0.03125
CM_B_UM_021,True,0.5,-0.4921875,0.171875
CM_B_UM_021,True,1.0,-0.1484375,0.515625
CM_B_UM_021,True,1.5,0.1796875,0.84375
CM_B_UM_021,True,2.0,0.5625,1.2265625
CM_B_UM_023,True,0.0,-0.828125,-0.015625
CM_B_UM_023,True,0.25,-0.65625,0.15625
CM_B_UM_023,True,0.5,-0.515625,0.296875
CM_B_UM_023,True,1.0,-0.09375,0.71875
CM_B_UM_023,True,1.5,0.28125,1.09375
CM_B_UM_023,True,2.0,0.78125,1.59375
CM_B_UM_026,True,0.0,-0.78125,0.109375
CM_B_UM_026,True,0.25,-0.609375,0.28125
CM_B_UM_026,True,0.5,-0.484375,0.40625
CM_B_UM_026,True,1.0,-0.109375,0.78125
CM_B_UM_026,True,1.5,0.171875,1.0625
CM_B_UM_026,True,2.0,0.53125,1.421875
CM_B_UM_028,True,0.0,-0.65625,-0.046875
CM_B_UM_028,True,0.25,-0.671875,-0.0625
CM_B_UM_028,True,0.5,-0.640625,-0.03125
CM_B_UM_028,True,1.0,-0.640625,-0.03125
CM_B_UM_028,True,1.5,-0.609375,0.0
CM_B_UM_028,True,2.0,-0.5625,0.046875
CM_B_UM_029,True,0.0,-0.078125,0.03125
CM_B_UM_029,True,0.25,-0.046875,0.0625
CM_B_UM_029,True,0.5,-0.015625,0.09375
CM_B_UM_029,True,1.0,0.03125,0.140625
CM_B_UM_029,True,1.5,0.140625,0.25
CM_B_UM_029,True,2.0,0.25,0.359375
CM_B_UM_031,True,0.0,-3.34375,0.0
CM_B_UM_031,True,0.25,-3.359375,-0.015625
CM_B_UM_031,True,0.5,-3.3125,0.03125
CM_B_UM_031,True,1.0,-3.21875,0.125
CM_B_UM_031,True,1.5,-3.234375,0.109375
CM_B_UM_031,True,2.0,-3.109375,0.234375
CM_B_UM_035,True,0.0,-1.65625,-0.53125
CM_B_UM_035,True,0.25,-1.53125,-0.40625
CM_B_UM_035,True,0.5,-1.140625,-0.015625
CM_B_UM_035,True,1.0,-0.796875,0.328125
CM_B_UM_035,True,1.5,-0.15625,0.96875
CM_B_UM_035,True,2.0,0.359375,1.484375
CM_B_UM_036,True,0.0,-1.31640625,-0.25
CM_B_UM_036,True,0.25,-1.287109375,-0.220703125
CM_B_UM_036,True,0.5,-1.271484375,-0.205078125
CM_B_UM_036,True,1.0,-1.287109375,-0.220703125
CM_B_UM_036,True,1.5,-1.2421875,-0.17578125
CM_B_UM_036,True,2.0,-1.271484375,-0.205078125
CM_B_UM_059,False,0.0,10.03125,-0.125
CM_B_UM_059,False,0.25,10.28125,0.125
CM_B_UM_059,False,0.5,10.3125,0.15625
CM_B_UM_059,False,1.0,10.53125,0.375
CM_B_UM_059,False,1.5,10.71875,0.5625
CM_B_UM_059,False,2.0,10.90625,0.75
CM_C_002,False,0.0,6.46875,-0.03125
CM_C_002,False,0.25,6.5,0.0
CM_C_002,False,0.5,6.46875,-0.03125
CM_C_002,False,1.0,6.4375,-0.0625
CM_C_002,False,1.5,6.40625,-0.09375
CM_C_002,False,2.0,6.5,0.0
CM_C_003,False,0.0,6.625,-0.015625
CM_C_003,False,0.25,6.59375,-0.046875
CM_C_003,False,0.5,6.5625,-0.078125
CM_C_003,False,1.0,6.609375,-0.03125
CM_C_003,False,1.5,6.640625,0.0
CM_C_003,False,2.0,6.609375,-0.03125
CM_C_004,False,0.0,13.703125,0.15625
CM_C_004,False,0.25,13.640625,0.09375
CM_C_004,False,0.5,13.640625,0.09375
CM_C_004,False,1.0,13.703125,0.15625
CM_C_004,False,1.5,13.671875,0.125
CM_C_004,False,2.0,13.703125,0.15625
CM_C_005,False,0.0,13.9375,-0.03125
CM_C_005,False,0.25,13.9375,-0.03125
CM_C_005,False,0.5,13.96875,0.0
CM_C_005,False,1.0,13.96875,0.0
CM_C_005,False,1.5,13.96875,0.0
CM_C_005,False,2.0,13.96875,0.0
