target_family_id,donor_family_id,patch_layer,original_S_lp,patched_S_lp,slp_increase,increased_ge_0p3
CM_B_002,CM_B_UM_059,16,-0.546875,2.328125,2.875,1
CM_B_002,CM_B_UM_032,16,-0.546875,2.265625,2.8125,1
CM_B_002,CM_B_STD_006,16,-0.546875,0.453125,1.0,1
CM_B_002,CM_B_UM_055,16,-0.546875,0.859375,1.40625,1
CM_B_002,CM_B_STD_013,16,-0.546875,-0.140625,0.40625,1
CM_B_007,CM_B_UM_059,16,-0.5,2.203125,2.703125,1
CM_B_007,CM_B_UM_032,16,-0.5,2.96875,3.46875,1
CM_B_007,CM_B_STD_006,16,-0.5,-0.0625,0.4375,1
CM_B_007,CM_B_UM_055,16,-0.5,0.390625,0.890625,1
CM_B_007,CM_B_STD_013,16,-0.5,0.84375,1.34375,1
CM_B_008,CM_B_UM_059,16,-0.125,2.578125,2.703125,1
CM_B_008,CM_B_UM_032,16,-0.125,2.765625,2.890625,1
CM_B_008,CM_B_STD_006,16,-0.125,2.515625,2.640625,1
CM_B_008,CM_B_UM_055,16,-0.125,1.78125,1.90625,1
CM_B_008,CM_B_STD_013,16,-0.125,2.359375,2.484375,1
CM_B_010,CM_B_UM_059,16,-0.515625,1.625,2.140625,1
CM_B_010,CM_B_UM_032,16,-0.515625,1.4375,1.953125,1
CM_B_010,CM_B_STD_006,16,-0.515625,1.609375,2.125,1
CM_B_010,CM_B_UM_055,16,-0.515625,0.671875,1.1875,1
CM_B_010,CM_B_STD_013,16,-0.515625,1.21875,1.734375,1
CM_B_STD_001,CM_B_UM_059,16,0.0,2.03125,2.03125,1
CM_B_STD_001,CM_B_UM_032,16,0.0,1.84375,1.84375,1
CM_B_STD_001,CM_B_STD_006,16,0.0,0.8125,0.8125,1
CM_B_STD_001,CM_B_UM_055,16,0.0,-0.75,-0.75,0
CM_B_STD_001,CM_B_STD_013,16,0.0,0.375,0.375,1
CM_B_STD_008,CM_B_UM_059,16,-0.28125,2.59375,2.875,1
CM_B_STD_008,CM_B_UM_032,16,-0.28125,2.5,2.78125,1
CM_B_STD_008,CM_B_STD_006,16,-0.28125,1.875,2.15625,1
CM_B_STD_008,CM_B_UM_055,16,-0.28125,1.34375,1.625,1
CM_B_STD_008,CM_B_STD_013,16,-0.28125,1.6875,1.96875,1
CM_B_UM_004,CM_B_UM_059,16,-0.40625,0.03125,0.4375,1
CM_B_UM_004,CM_B_UM_032,16,-0.40625,-0.0625,0.34375,1
CM_B_UM_004,CM_B_STD_006,16,-0.40625,-0.9375,-0.53125,0
CM_B_UM_004,CM_B_UM_055,16,-0.40625,-1.328125,-0.921875,0
CM_B_UM_004,CM_B_STD_013,16,-0.40625,-0.59375,-0.1875,0
CM_B_UM_005,CM_B_UM_059,16,-0.3125,2.640625,2.953125,1
CM_B_UM_005,CM_B_UM_032,16,-0.3125,3.421875,3.734375,1
CM_B_UM_005,CM_B_STD_006,16,-0.3125,1.734375,2.046875,1
CM_B_UM_005,CM_B_UM_055,16,-0.3125,2.53125,2.84375,1
CM_B_UM_005,CM_B_STD_013,16,-0.3125,1.578125,1.890625,1
CM_B_UM_007,CM_B_UM_059,16,-0.46875,0.265625,0.734375,1
CM_B_UM_007,CM_B_UM_032,16,-0.46875,0.125,0.59375,1
CM_B_UM_007,CM_B_STD_006,16,-0.46875,-0.84375,-0.375,0
CM_B_UM_007,CM_B_UM_055,16,-0.46875,-1.234375,-0.765625,0
CM_B_UM_007,CM_B_STD_013,16,-0.46875,-0.609375,-0.140625,0
CM_B_UM_008,CM_B_UM_059,16,-0.96875,-0.125,0.84375,1
CM_B_UM_008,CM_B_UM_032,16,-0.96875,-0.015625,0.953125,1
CM_B_UM_008,CM_B_STD_006,16,-0.96875,-2.34375,-1.375,0
CM_B_UM_008,CM_B_UM_055,16,-0.96875,-2.125,-1.15625,0
CM_B_UM_008,CM_B_STD_013,16,-0.96875,-2.40625,-1.4375,0
CM_B_UM_011,CM_B_UM_059,16,-0.5,0.84375,1.34375,1
CM_B_UM_011,CM_B_UM_032,16,-0.5,0.5625,1.0625,1
CM_B_UM_011,CM_B_STD_006,16,-0.5,-0.109375,0.390625,1
CM_B_UM_011,CM_B_UM_055,16,-0.5,-0.171875,0.328125,1
CM_B_UM_011,CM_B_STD_013,16,-0.5,-0.375,0.125,0
CM_B_UM_017,CM_B_UM_059,16,-0.078125,3.25,3.328125,1
CM_B_UM_017,CM_B_UM_032,16,-0.078125,5.390625,5.46875,1
CM_B_UM_017,CM_B_STD_006,16,-0.078125,2.15625,2.234375,1
CM_B_UM_017,CM_B_UM_055,16,-0.078125,1.296875,1.375,1
CM_B_UM_017,CM_B_STD_013,16,-0.078125,2.078125,2.15625,1
CM_B_UM_018,CM_B_UM_059,16,-0.40625,8.625,9.03125,1
CM_B_UM_018,CM_B_UM_032,16,-0.40625,7.765625,8.171875,1
CM_B_UM_018,CM_B_STD_006,16,-0.40625,5.59375,6.0,1
CM_B_UM_018,CM_B_UM_055,16,-0.40625,5.5625,5.96875,1
CM_B_UM_018,CM_B_STD_013,16,-0.40625,4.515625,4.921875,1
CM_B_UM_019,CM_B_UM_059,16,-0.46875,7.71875,8.1875,1
CM_B_UM_019,CM_B_UM_032,16,-0.46875,8.765625,9.234375,1
CM_B_UM_019,CM_B_STD_006,16,-0.46875,6.671875,7.140625,1
CM_B_UM_019,CM_B_UM_055,16,-0.46875,5.671875,6.140625,1
CM_B_UM_019,CM_B_STD_013,16,-0.46875,6.578125,7.046875,1
CM_B_UM_021,CM_B_UM_059,16,-0.953125,12.7421875,13.6953125,1
CM_B_UM_021,CM_B_UM_032,16,-0.953125,13.9765625,14.9296875,1
CM_B_UM_021,CM_B_STD_006,16,-0.953125,10.7421875,11.6953125,1
CM_B_UM_021,CM_B_UM_055,16,-0.953125,11.2578125,12.2109375,1
CM_B_UM_021,CM_B_STD_013,16,-0.953125,10.3984375,11.3515625,1
CM_B_UM_023,CM_B_UM_059,16,-0.953125,13.765625,14.71875,1
CM_B_UM_023,CM_B_UM_032,16,-0.953125,16.140625,17.09375,1
CM_B_UM_023,CM_B_STD_006,16,-0.953125,10.84375,11.796875,1
CM_B_UM_023,CM_B_UM_055,16,-0.953125,12.546875,13.5,1
CM_B_UM_023,CM_B_STD_013,16,-0.953125,11.90625,12.859375,1
CM_B_UM_026,CM_B_UM_059,16,-0.8203125,9.1171875,9.9375,1
CM_B_UM_026,CM_B_UM_032,16,-0.8203125,9.6015625,10.421875,1
CM_B_UM_026,CM_B_STD_006,16,-0.8203125,7.0078125,7.828125,1
CM_B_UM_026,CM_B_UM_055,16,-0.8203125,6.5234375,7.34375,1
CM_B_UM_026,CM_B_STD_013,16,-0.8203125,6.4296875,7.25,1
CM_B_UM_028,CM_B_UM_059,16,-0.59375,0.921875,1.515625,1
CM_B_UM_028,CM_B_UM_032,16,-0.59375,1.015625,1.609375,1
CM_B_UM_028,CM_B_STD_006,16,-0.59375,1.078125,1.671875,1
CM_B_UM_028,CM_B_UM_055,16,-0.59375,-0.34375,0.25,0
CM_B_UM_028,CM_B_STD_013,16,-0.59375,0.484375,1.078125,1
CM_B_UM_029,CM_B_UM_059,16,-0.171875,0.8125,0.984375,1
CM_B_UM_029,CM_B_UM_032,16,-0.171875,0.859375,1.03125,1
CM_B_UM_029,CM_B_STD_006,16,-0.171875,0.625,0.796875,1
CM_B_UM_029,CM_B_UM_055,16,-0.171875,-0.546875,-0.375,0
CM_B_UM_029,CM_B_STD_013,16,-0.171875,0.03125,0.203125,0
CM_B_UM_031,CM_B_UM_059,16,-2.875,1.125,4.0,1
CM_B_UM_031,CM_B_UM_032,16,-2.875,1.125,4.0,1
CM_B_UM_031,CM_B_STD_006,16,-2.875,0.0625,2.9375,1
CM_B_UM_031,CM_B_UM_055,16,-2.875,-0.28125,2.59375,1
CM_B_UM_031,CM_B_STD_013,16,-2.875,-0.625,2.25,1
