activation_site,array_task_id,claim_level,claim_supported,command,completed_at,config_file,config_hash,correction_history,dataset_hash,dataset_version,discovery_or_confirmation,donor_policy,dtype,experiment_class,experiment_id,family_manifest,family_manifest_hash,git_commit,git_dirty,hardware,hypothesis,job_id,model_id,model_path,model_revision,model_role,notes,null_interpretation,paper_eligibility,parent_experiment_id,patch_head,patch_layer,provenance_status,quantization,random_seeds,raw_data_rows,raw_output_paths,run_attempt_id,runtime_hours,scientific_null,scientific_question,sensitivity_metric,sensitivity_threshold,split_hash,split_version,stage,status,stderr_path,stdout_path,submitted_at,summary_defaulted_zero,summary_paths,supersedes_experiment_id,target_policy,task_id,token_position,tokenizer_hash,tokenizer_path
,,exploratory_or_diagnostic,not_paper_eligible,unresolved,,,,Historical behavioural run is registered for traceability; provenance remains partial pending full model/checkpoint/job metadata recovery.,3f89c93941f5a47d6c013a1e1e020ea082127f6df858e58034b9f54a9ca95bb2,physmon_canonical_155_v1,discovery,,,behavioural,stage6_qwen_behavioural_full_rerun,data/manifests/physmon_canonical_155.jsonl,3f89c93941f5a47d6c013a1e1e020ea082127f6df858e58034b9f54a9ca95bb2,unresolved,unresolved,unresolved,,,qwen2p5_7b_instruct,,unresolved,primary_dense,Historical behavioural run is registered for traceability; provenance remains partial pending full model/checkpoint/job metadata recovery.,,false,,,,partial,,42_if_recorded_else_unresolved,,"[""results/stage6/behavioural_full_rerun/qwen_primary_20260616T091228Z.jsonl""]",stage6_qwen_behavioural_full_rerun,,,What is Qwen's per-family shortcut sensitivity on the original benchmark?,S_lp,0.5,unresolved,unfrozen_discovery,Stage6,complete_exploratory,,,,,"[""results/stage6/analysis_d2/stage6_d1_per_family.csv""]",,,qwen_behavioural_full_rerun,,unresolved,
,,exploratory_or_diagnostic,not_paper_eligible,unresolved,,,,Historical behavioural run is registered for traceability; provenance remains partial pending full model/checkpoint/job metadata recovery.,3f89c93941f5a47d6c013a1e1e020ea082127f6df858e58034b9f54a9ca95bb2,physmon_canonical_155_v1,discovery,,,behavioural,stage6_llama_behavioural_full_rerun,data/manifests/physmon_canonical_155.jsonl,3f89c93941f5a47d6c013a1e1e020ea082127f6df858e58034b9f54a9ca95bb2,unresolved,unresolved,unresolved,,,llama_primary,,unresolved,primary_dense,Historical behavioural run is registered for traceability; provenance remains partial pending full model/checkpoint/job metadata recovery.,,false,,,,partial,,42_if_recorded_else_unresolved,,"[""results/stage6/behavioural_full_rerun/llama_primary_20260616T085448Z.jsonl""]",stage6_llama_behavioural_full_rerun,,,What is Llama's per-family shortcut sensitivity on the original benchmark?,S_lp,0.5,unresolved,unfrozen_discovery,Stage6,complete_exploratory,,,,,"[""results/stage6/analysis_d2/stage6_d1_per_family.csv""]",,,llama_behavioural_full_rerun,,unresolved,
,,exploratory_or_diagnostic,not_paper_eligible,unresolved,,,,Expansion behavioural run is registered for traceability; paper eligibility remains false until validation/provenance gates pass.,3f89c93941f5a47d6c013a1e1e020ea082127f6df858e58034b9f54a9ca95bb2,physmon_canonical_155_v1,discovery,,,behavioural,stage11_expansion_behavioural_qwen,data/manifests/physmon_canonical_155.jsonl,3f89c93941f5a47d6c013a1e1e020ea082127f6df858e58034b9f54a9ca95bb2,unresolved,unresolved,unresolved,,,qwen2p5_7b_instruct,,unresolved,primary_dense,Expansion behavioural run is registered for traceability; paper eligibility remains false until validation/provenance gates pass.,,false,,,,partial,,42_if_recorded_else_unresolved,,"[""results/stage11/behavioural_expansion/qwen_primary_20260620T084819Z.jsonl""]",stage11_expansion_behavioural_qwen,,,What is Qwen's shortcut sensitivity on the 15-family expansion?,S_lp,0.5,unresolved,unfrozen_discovery,Stage11,complete_exploratory,,,,,"[""results/stage11/behavioural_expansion/per_family_summary.csv""]",,,qwen_expansion_behavioural,,unresolved,
resid_post_last_prompt,,exploratory_or_diagnostic,not_paper_eligible,unresolved,,,,,3f89c93941f5a47d6c013a1e1e020ea082127f6df858e58034b9f54a9ca95bb2,physmon_canonical_155_v1,discovery,,,monitoring,stage10_qwen_mean_probe_full_sweep,data/manifests/physmon_canonical_155.jsonl,3f89c93941f5a47d6c013a1e1e020ea082127f6df858e58034b9f54a9ca95bb2,unresolved,unresolved,unresolved,,,qwen2p5_7b_instruct,,unresolved,primary_dense,,,false,,,,partial,,42_if_recorded_else_unresolved,,"[""results/stage10/mean_probe_full_sweep_bigcompute/run_probing_events.jsonl""]",stage10_qwen_mean_probe_full_sweep,,,Does mean-state monitoring predict sensitivity across layers?,S_lp,0.5,unresolved,unfrozen_discovery,Stage10,complete_exploratory,,,,,"[""results/stage10/mean_probe_full_sweep_bigcompute/summary_resid_post_last_prompt.json""]",,,monitoring_mean_probe,,unresolved,
resid_post_last_prompt,,exploratory_or_diagnostic,not_paper_eligible,unresolved,,,,,3f89c93941f5a47d6c013a1e1e020ea082127f6df858e58034b9f54a9ca95bb2,physmon_canonical_155_v1,discovery,,,monitoring,stage10_qwen_per_variant_probe_sweep,data/manifests/physmon_canonical_155.jsonl,3f89c93941f5a47d6c013a1e1e020ea082127f6df858e58034b9f54a9ca95bb2,unresolved,unresolved,unresolved,,,qwen2p5_7b_instruct,,unresolved,primary_dense,,,false,,,,partial,,42_if_recorded_else_unresolved,,"[""results/stage10/per_variant_probe_sweep/run_per_variant_probe_sweep_events.jsonl""]",stage10_qwen_per_variant_probe_sweep,,,Can one prompt variant predict family sensitivity?,S_lp,0.5,unresolved,unfrozen_discovery,Stage10,complete_exploratory,,,,,"[""results/stage10/per_variant_probe_sweep/summary_per_variant_sweep.json""]",,,monitoring_per_variant_probe,,unresolved,
resid_post_last_prompt,,exploratory_or_diagnostic,not_paper_eligible,unresolved,,,,,3f89c93941f5a47d6c013a1e1e020ea082127f6df858e58034b9f54a9ca95bb2,physmon_canonical_155_v1,discovery,,,monitoring,stage6_qwen_variance_probe,data/manifests/physmon_canonical_155.jsonl,3f89c93941f5a47d6c013a1e1e020ea082127f6df858e58034b9f54a9ca95bb2,unresolved,unresolved,unresolved,,,qwen2p5_7b_instruct,,unresolved,primary_dense,,,false,,,,partial,,42_if_recorded_else_unresolved,,"[""results/stage6/probing/primary_variance/loo_predictions_variance.json""]",stage6_qwen_variance_probe,,,variance_probe,S_lp,0.5,unresolved,unfrozen_discovery,Stage6,complete_exploratory,,,,,"[""results/stage6/probing/primary_variance/summary_variance.json""]",,,variance_probe,,unresolved,
,,exploratory_or_diagnostic,not_paper_eligible,unresolved,,,,,3f89c93941f5a47d6c013a1e1e020ea082127f6df858e58034b9f54a9ca95bb2,physmon_canonical_155_v1,discovery,,,monitoring,stage8_qwen_variance_ensemble,data/manifests/physmon_canonical_155.jsonl,3f89c93941f5a47d6c013a1e1e020ea082127f6df858e58034b9f54a9ca95bb2,unresolved,unresolved,unresolved,,,qwen2p5_7b_instruct,,unresolved,,,,false,,,,unresolved,,42_if_recorded_else_unresolved,,[],stage8_qwen_variance_ensemble,,,variance_probe_ensemble,S_lp,0.5,unresolved,unfrozen_discovery,Stage8,partial_not_reportable,,,,,[],,,variance_probe_ensemble,,unresolved,
,,exploratory_or_diagnostic,not_paper_eligible,unresolved,,,,,3f89c93941f5a47d6c013a1e1e020ea082127f6df858e58034b9f54a9ca95bb2,physmon_canonical_155_v1,discovery,,,monitoring,stage8_qwen_variance_mlp,data/manifests/physmon_canonical_155.jsonl,3f89c93941f5a47d6c013a1e1e020ea082127f6df858e58034b9f54a9ca95bb2,unresolved,unresolved,unresolved,,,qwen2p5_7b_instruct,,unresolved,,,,false,,,,unresolved,,42_if_recorded_else_unresolved,,[],stage8_qwen_variance_mlp,,,variance_probe_mlp,S_lp,0.5,unresolved,unfrozen_discovery,Stage8,partial_not_reportable,,,,,[],,,variance_probe_mlp,,unresolved,
,,exploratory_or_diagnostic,not_paper_eligible,unresolved,,,,,3f89c93941f5a47d6c013a1e1e020ea082127f6df858e58034b9f54a9ca95bb2,physmon_canonical_155_v1,discovery,,,baseline,stage9_embedding_entropy_baselines,data/manifests/physmon_canonical_155.jsonl,3f89c93941f5a47d6c013a1e1e020ea082127f6df858e58034b9f54a9ca95bb2,unresolved,unresolved,unresolved,,,qwen2p5_7b_instruct,,unresolved,,,,false,,,,partial,,42_if_recorded_else_unresolved,,"[""results/stage9/baselines/entropy/entropy_per_family_scores.json""]",stage9_embedding_entropy_baselines,,,embedding_entropy_baselines,S_lp,0.5,unresolved,unfrozen_discovery,Stage9,complete_exploratory,,,,,"[""results/stage9/baselines/entropy/entropy_baseline_summary.json"", ""results/stage9/baselines/entropy/embedding_vs_entropy_summary.json""]",,,embedding_entropy_baselines,,unresolved,
,,exploratory_or_diagnostic,not_paper_eligible,unresolved,,,,,3f89c93941f5a47d6c013a1e1e020ea082127f6df858e58034b9f54a9ca95bb2,physmon_canonical_155_v1,discovery,,,monitoring,stage8_qwen_domain_generalisation,data/manifests/physmon_canonical_155.jsonl,3f89c93941f5a47d6c013a1e1e020ea082127f6df858e58034b9f54a9ca95bb2,unresolved,unresolved,unresolved,,,qwen2p5_7b_instruct,,unresolved,,,,false,,,,unresolved,,42_if_recorded_else_unresolved,,[],stage8_qwen_domain_generalisation,,,heldout_domain_probe,S_lp,0.5,unresolved,unfrozen_discovery,Stage8,partial_not_reportable,,,,,[],,,heldout_domain_probe,,unresolved,
,,exploratory_or_diagnostic,not_paper_eligible,unresolved,,,,,3f89c93941f5a47d6c013a1e1e020ea082127f6df858e58034b9f54a9ca95bb2,physmon_canonical_155_v1,discovery,,,monitoring,stage6_qwen_variance_no_cue_c,data/manifests/physmon_canonical_155.jsonl,3f89c93941f5a47d6c013a1e1e020ea082127f6df858e58034b9f54a9ca95bb2,unresolved,unresolved,unresolved,,,qwen2p5_7b_instruct,,unresolved,,,,false,,,,unresolved,,42_if_recorded_else_unresolved,,[],stage6_qwen_variance_no_cue_c,,,no_cue_c_probe,S_lp,0.5,unresolved,unfrozen_discovery,Stage6,partial_not_reportable,,,,,[],,,no_cue_c_probe,,unresolved,
,,exploratory_or_diagnostic,not_paper_eligible,unresolved,,,,,3f89c93941f5a47d6c013a1e1e020ea082127f6df858e58034b9f54a9ca95bb2,physmon_canonical_155_v1,discovery,,,monitoring,stage12_expansion_probe_inference,data/manifests/physmon_canonical_155.jsonl,3f89c93941f5a47d6c013a1e1e020ea082127f6df858e58034b9f54a9ca95bb2,unresolved,unresolved,unresolved,,,qwen2p5_7b_instruct,,unresolved,,,,false,,,,partial,,42_if_recorded_else_unresolved,,"[""results/stage12/expansion_probe_inference/per_variant_predictions.json""]",stage12_expansion_probe_inference,,,expansion_probe_inference,S_lp,0.5,unresolved,unfrozen_discovery,Stage12,complete_exploratory,,,,,"[""results/stage12/expansion_probe_inference/summary.json""]",,,expansion_probe_inference,,unresolved,
,,exploratory_or_diagnostic,not_paper_eligible,unresolved,,,,,3f89c93941f5a47d6c013a1e1e020ea082127f6df858e58034b9f54a9ca95bb2,physmon_canonical_155_v1,discovery,,,monitoring,stage12_expanded_per_variant_retrain,data/manifests/physmon_canonical_155.jsonl,3f89c93941f5a47d6c013a1e1e020ea082127f6df858e58034b9f54a9ca95bb2,unresolved,unresolved,unresolved,,,qwen2p5_7b_instruct,,unresolved,,,,false,,,,partial,,42_if_recorded_else_unresolved,,"[""results/stage12/expanded_probe_training/per_variant_sweep/loo_predictions_per_variant.json""]",stage12_expanded_per_variant_retrain,,,expanded_probe_retrain,S_lp,0.5,unresolved,unfrozen_discovery,Stage12,complete_exploratory,,,,,"[""results/stage12/expanded_probe_training/per_variant_sweep/summary_per_variant_sweep.json""]",,,expanded_probe_retrain,,unresolved,
,,exploratory_or_diagnostic,not_paper_eligible,unresolved,,,,Original variable-renaming probe labels were reported as wrong/all-positive in audit trail.,3f89c93941f5a47d6c013a1e1e020ea082127f6df858e58034b9f54a9ca95bb2,physmon_canonical_155_v1,discovery,,,monitoring,stage11_variable_renaming_probe_original,data/manifests/physmon_canonical_155.jsonl,3f89c93941f5a47d6c013a1e1e020ea082127f6df858e58034b9f54a9ca95bb2,unresolved,unresolved,unresolved,,,qwen2p5_7b_instruct,,unresolved,,Original variable-renaming probe labels were reported as wrong/all-positive in audit trail.,,false,,,,unresolved,,42_if_recorded_else_unresolved,,[],stage11_variable_renaming_probe_original,,,variable_renaming_probe_original,S_lp,0.5,unresolved,unfrozen_discovery,Stage11,superseded,,,,,[],,,variable_renaming_probe_original,,unresolved,
,,exploratory_or_diagnostic,not_paper_eligible,unresolved,,,,,3f89c93941f5a47d6c013a1e1e020ea082127f6df858e58034b9f54a9ca95bb2,physmon_canonical_155_v1,discovery,,,monitoring,stage11_variable_renaming_probe_corrected,data/manifests/physmon_canonical_155.jsonl,3f89c93941f5a47d6c013a1e1e020ea082127f6df858e58034b9f54a9ca95bb2,unresolved,unresolved,unresolved,,,qwen2p5_7b_instruct,,unresolved,,v4: authoritative status downgraded because provenance is not complete.,,false,,,,partial,,42_if_recorded_else_unresolved,,"[""results/stage11/science/variable_renaming/probe_inference/per_variant_predictions.json""]",stage11_variable_renaming_probe_corrected,,,variable_renaming_probe_corrected,S_lp,0.5,unresolved,unfrozen_discovery,Stage11,complete_exploratory,,,,,"[""results/stage11/science/variable_renaming/probe_inference/summary.json""]",stage11_variable_renaming_probe_original,,variable_renaming_probe_corrected,,unresolved,
,,exploratory_or_diagnostic,not_paper_eligible,unresolved,,,,,3f89c93941f5a47d6c013a1e1e020ea082127f6df858e58034b9f54a9ca95bb2,physmon_canonical_155_v1,discovery,,,monitoring,stage11_cue_c_probe_sweep,data/manifests/physmon_canonical_155.jsonl,3f89c93941f5a47d6c013a1e1e020ea082127f6df858e58034b9f54a9ca95bb2,unresolved,unresolved,unresolved,,,qwen2p5_7b_instruct,,unresolved,,,,false,,,,partial,,42_if_recorded_else_unresolved,,"[""results/stage11/science/cue_c_circuit/cuec_probe_sweep/run_per_variant_probe_sweep_events.jsonl""]",stage11_cue_c_probe_sweep,,,cue_c_probe_sweep,S_lp,0.5,unresolved,unfrozen_discovery,Stage11,complete_exploratory,,,,,"[""results/stage11/science/cue_c_circuit/cuec_probe_sweep/summary_per_variant_sweep.json""]",,,cue_c_probe_sweep,,unresolved,
,,exploratory_or_diagnostic,not_paper_eligible,unresolved,,,,,3f89c93941f5a47d6c013a1e1e020ea082127f6df858e58034b9f54a9ca95bb2,physmon_canonical_155_v1,discovery,,,monitoring,stage11_cue_c_heldout_inference,data/manifests/physmon_canonical_155.jsonl,3f89c93941f5a47d6c013a1e1e020ea082127f6df858e58034b9f54a9ca95bb2,unresolved,unresolved,unresolved,,,qwen2p5_7b_instruct,,unresolved,,,,false,,,,partial,,42_if_recorded_else_unresolved,,"[""results/stage11/science/cue_c_circuit/heldout_inference/per_variant_predictions.json""]",stage11_cue_c_heldout_inference,,,cue_c_heldout_inference,S_lp,0.5,unresolved,unfrozen_discovery,Stage11,complete_exploratory,,,,,"[""results/stage11/science/cue_c_circuit/heldout_inference/summary.json""]",,,cue_c_heldout_inference,,unresolved,
,,exploratory_or_diagnostic,not_paper_eligible,unresolved,,,,,3f89c93941f5a47d6c013a1e1e020ea082127f6df858e58034b9f54a9ca95bb2,physmon_canonical_155_v1,discovery,,,monitoring,stage12_multi_site_probe,data/manifests/physmon_canonical_155.jsonl,3f89c93941f5a47d6c013a1e1e020ea082127f6df858e58034b9f54a9ca95bb2,unresolved,unresolved,unresolved,,,qwen2p5_7b_instruct,,unresolved,,,,false,,,,partial,,42_if_recorded_else_unresolved,,[],stage12_multi_site_probe,,,multi_site_probe,S_lp,0.5,unresolved,unfrozen_discovery,Stage12,complete_exploratory,,,,,"[""results/stage12/science/multi_site_probe/multi_site_probe_summary.json""]",,,multi_site_probe,,unresolved,
,,exploratory_or_diagnostic,not_paper_eligible,unresolved,,,,,3f89c93941f5a47d6c013a1e1e020ea082127f6df858e58034b9f54a9ca95bb2,physmon_canonical_155_v1,discovery,,,monitoring,stage12_h14_output_probe,data/manifests/physmon_canonical_155.jsonl,3f89c93941f5a47d6c013a1e1e020ea082127f6df858e58034b9f54a9ca95bb2,unresolved,unresolved,unresolved,,,qwen2p5_7b_instruct,,unresolved,,,,false,,,,unresolved,,42_if_recorded_else_unresolved,,[],stage12_h14_output_probe,,,h14_output_probe,S_lp,0.5,unresolved,unfrozen_discovery,Stage12,partial_not_reportable,,,,,[],,,h14_output_probe,,unresolved,
,,exploratory_or_diagnostic,not_paper_eligible,unresolved,,,,,3f89c93941f5a47d6c013a1e1e020ea082127f6df858e58034b9f54a9ca95bb2,physmon_canonical_155_v1,discovery,,,monitoring,stage12_h15_output_probe,data/manifests/physmon_canonical_155.jsonl,3f89c93941f5a47d6c013a1e1e020ea082127f6df858e58034b9f54a9ca95bb2,unresolved,unresolved,unresolved,,,qwen2p5_7b_instruct,,unresolved,,,,false,,,,unresolved,,42_if_recorded_else_unresolved,,[],stage12_h15_output_probe,,,h15_output_probe,S_lp,0.5,unresolved,unfrozen_discovery,Stage12,partial_not_reportable,,,,,[],,,h15_output_probe,,unresolved,
,,exploratory_or_diagnostic,not_paper_eligible,unresolved,,,,,3f89c93941f5a47d6c013a1e1e020ea082127f6df858e58034b9f54a9ca95bb2,physmon_canonical_155_v1,discovery,,,baseline,stage9_correctness_probe,data/manifests/physmon_canonical_155.jsonl,3f89c93941f5a47d6c013a1e1e020ea082127f6df858e58034b9f54a9ca95bb2,unresolved,unresolved,unresolved,,,qwen2p5_7b_instruct,,unresolved,,,,false,,,,partial,,42_if_recorded_else_unresolved,,"[""results/stage9/baselines/correctness_probe/loo_predictions_variance.json""]",stage9_correctness_probe,,,generic_correctness_probe,S_lp,0.5,unresolved,unfrozen_discovery,Stage9,complete_exploratory,,,,,"[""results/stage9/baselines/correctness_probe/summary_variance.json""]",,,generic_correctness_probe,,unresolved,
,,exploratory_or_diagnostic,not_paper_eligible,unresolved,,,,,3f89c93941f5a47d6c013a1e1e020ea082127f6df858e58034b9f54a9ca95bb2,physmon_canonical_155_v1,discovery,,,baseline,stage9_correctness_residualisation,data/manifests/physmon_canonical_155.jsonl,3f89c93941f5a47d6c013a1e1e020ea082127f6df858e58034b9f54a9ca95bb2,unresolved,unresolved,unresolved,,,qwen2p5_7b_instruct,,unresolved,,,,false,,,,partial,,42_if_recorded_else_unresolved,,"[""results/stage9/correctness_residualisation/loo_predictions.json""]",stage9_correctness_residualisation,,,correctness_residualisation,S_lp,0.5,unresolved,unfrozen_discovery,Stage9,complete_exploratory,,,,,"[""results/stage9/correctness_residualisation/residualisation_summary.json""]",,,correctness_residualisation,,unresolved,
,,exploratory_or_diagnostic,not_paper_eligible,unresolved,,,,,3f89c93941f5a47d6c013a1e1e020ea082127f6df858e58034b9f54a9ca95bb2,physmon_canonical_155_v1,discovery,,,baseline,stage9_blackbox_counterfactual,data/manifests/physmon_canonical_155.jsonl,3f89c93941f5a47d6c013a1e1e020ea082127f6df858e58034b9f54a9ca95bb2,unresolved,unresolved,unresolved,,,qwen2p5_7b_instruct,,unresolved,,,,false,,,,partial,,42_if_recorded_else_unresolved,,[],stage9_blackbox_counterfactual,,,blackbox_counterfactual,S_lp,0.5,unresolved,unfrozen_discovery,Stage9,complete_exploratory,,,,,"[""results/stage9/baselines/blackbox_counterfactual/blackbox_counterfactual_summary.json""]",,,blackbox_counterfactual,,unresolved,
,,exploratory_or_diagnostic,not_paper_eligible,unresolved,,,,,3f89c93941f5a47d6c013a1e1e020ea082127f6df858e58034b9f54a9ca95bb2,physmon_canonical_155_v1,discovery,,,baseline,stage9_cot_text_baseline,data/manifests/physmon_canonical_155.jsonl,3f89c93941f5a47d6c013a1e1e020ea082127f6df858e58034b9f54a9ca95bb2,unresolved,unresolved,unresolved,,,,,unresolved,,,,false,,,,unresolved,,42_if_recorded_else_unresolved,,[],stage9_cot_text_baseline,,,cot_text_classifier,S_lp,0.5,unresolved,unfrozen_discovery,Stage9,partial_not_reportable,,,,,[],,,cot_text_classifier,,unresolved,
,,exploratory_or_diagnostic,not_paper_eligible,unresolved,,,,,3f89c93941f5a47d6c013a1e1e020ea082127f6df858e58034b9f54a9ca95bb2,physmon_canonical_155_v1,discovery,,,baseline,stage9_answer_rationale_baseline,data/manifests/physmon_canonical_155.jsonl,3f89c93941f5a47d6c013a1e1e020ea082127f6df858e58034b9f54a9ca95bb2,unresolved,unresolved,unresolved,,,,,unresolved,,,,false,,,,unresolved,,42_if_recorded_else_unresolved,,[],stage9_answer_rationale_baseline,,,answer_rationale_classifier,S_lp,0.5,unresolved,unfrozen_discovery,Stage9,partial_not_reportable,,,,,[],,,answer_rationale_classifier,,unresolved,
,,exploratory_or_diagnostic,not_paper_eligible,unresolved,,,,,3f89c93941f5a47d6c013a1e1e020ea082127f6df858e58034b9f54a9ca95bb2,physmon_canonical_155_v1,discovery,,,causal,stage10_qwen_full_l16_single_head_sweep,data/manifests/physmon_canonical_155.jsonl,3f89c93941f5a47d6c013a1e1e020ea082127f6df858e58034b9f54a9ca95bb2,unresolved,unresolved,unresolved,,,qwen2p5_7b_instruct,,unresolved,,,,false,,,16,partial,,42_if_recorded_else_unresolved,,"[""results/stage10/full_head_sweep_l16/head_11/patching_results.csv""]",stage10_qwen_full_l16_single_head_sweep,,,qwen_l16_full_head_sweep,S_lp,0.5,unresolved,unfrozen_discovery,Stage10,complete_exploratory,,,,,"[""results/stage10/full_head_sweep_l16/head_sweep_summary.json""]",,,qwen_l16_full_head_sweep,,unresolved,
,,exploratory_or_diagnostic,not_paper_eligible,unresolved,,,,,3f89c93941f5a47d6c013a1e1e020ea082127f6df858e58034b9f54a9ca95bb2,physmon_canonical_155_v1,discovery,,,causal,stage11_qwen_h11_layer_sweep,data/manifests/physmon_canonical_155.jsonl,3f89c93941f5a47d6c013a1e1e020ea082127f6df858e58034b9f54a9ca95bb2,unresolved,unresolved,unresolved,,,qwen2p5_7b_instruct,,unresolved,,,,false,,11,,partial,,42_if_recorded_else_unresolved,,"[""results/stage11/science/h11_layer_sweep/patching_results.csv""]",stage11_qwen_h11_layer_sweep,,,qwen_h11_layer_sweep,S_lp,0.5,unresolved,unfrozen_discovery,Stage11,complete_exploratory,,,,,"[""results/stage11/science/h11_layer_sweep/patching_summary.json""]",,,qwen_h11_layer_sweep,,unresolved,
,,exploratory_or_diagnostic,not_paper_eligible,unresolved,,,,,3f89c93941f5a47d6c013a1e1e020ea082127f6df858e58034b9f54a9ca95bb2,physmon_canonical_155_v1,discovery,,,causal,stage11_qwen_h24_layer_sweep,data/manifests/physmon_canonical_155.jsonl,3f89c93941f5a47d6c013a1e1e020ea082127f6df858e58034b9f54a9ca95bb2,unresolved,unresolved,unresolved,,,qwen2p5_7b_instruct,,unresolved,,,,false,,24,,unresolved,,42_if_recorded_else_unresolved,,[],stage11_qwen_h24_layer_sweep,,,qwen_h24_layer_sweep,S_lp,0.5,unresolved,unfrozen_discovery,Stage11,partial_not_reportable,,,,,[],,,qwen_h24_layer_sweep,,unresolved,
,,exploratory_or_diagnostic,not_paper_eligible,unresolved,,,,,3f89c93941f5a47d6c013a1e1e020ea082127f6df858e58034b9f54a9ca95bb2,physmon_canonical_155_v1,discovery,,,causal,stage10_qwen_pairwise_head_interactions,data/manifests/physmon_canonical_155.jsonl,3f89c93941f5a47d6c013a1e1e020ea082127f6df858e58034b9f54a9ca95bb2,unresolved,unresolved,unresolved,,,qwen2p5_7b_instruct,,unresolved,,,,false,,,16,partial,,42_if_recorded_else_unresolved,,"[""results/stage10/pairwise_head_interactions/subset_13_11/patching_results.csv""]",stage10_qwen_pairwise_head_interactions,,,qwen_pairwise_multihead_interactions,S_lp,0.5,unresolved,unfrozen_discovery,Stage10,complete_exploratory,,,,,"[""results/stage10/pairwise_head_interactions/interaction_summary.json""]",,,qwen_pairwise_multihead_interactions,,unresolved,
,,exploratory_or_diagnostic,not_paper_eligible,unresolved,,,,,3f89c93941f5a47d6c013a1e1e020ea082127f6df858e58034b9f54a9ca95bb2,physmon_canonical_155_v1,discovery,,,mechanism,stage12_h15_gating_test,data/manifests/physmon_canonical_155.jsonl,3f89c93941f5a47d6c013a1e1e020ea082127f6df858e58034b9f54a9ca95bb2,unresolved,unresolved,unresolved,,,qwen2p5_7b_instruct,,unresolved,,,,false,,,,partial,,42_if_recorded_else_unresolved,,[],stage12_h15_gating_test,,,h15_under_h11_knockout,S_lp,0.5,unresolved,unfrozen_discovery,Stage12,complete_exploratory,,,,,"[""results/stage12/science/h11_h15_gating/gating_test_summary.json""]",,,h15_under_h11_knockout,,unresolved,
,,exploratory_or_diagnostic,not_paper_eligible,unresolved,,,,Diagnostic mechanism analysis; does not by itself establish a causal subspace.,3f89c93941f5a47d6c013a1e1e020ea082127f6df858e58034b9f54a9ca95bb2,physmon_canonical_155_v1,discovery,,,mechanism,stage10_direct_logit_attribution,data/manifests/physmon_canonical_155.jsonl,3f89c93941f5a47d6c013a1e1e020ea082127f6df858e58034b9f54a9ca95bb2,unresolved,unresolved,unresolved,,,qwen2p5_7b_instruct,,unresolved,primary_dense,Diagnostic mechanism analysis; does not by itself establish a causal subspace.,,false,,,,partial,,42_if_recorded_else_unresolved,,"[""results/stage10/direct_logit_attribution/direct_logit_attribution_per_head.json""]",stage10_direct_logit_attribution,,,Which heads directly contribute to the correct-answer logit shift?,S_lp,0.5,unresolved,unfrozen_discovery,Stage10,complete_exploratory,,,,,"[""results/stage10/direct_logit_attribution/direct_logit_attribution_summary.json""]",,,direct_logit_attribution,,unresolved,
,,exploratory_or_diagnostic,not_paper_eligible,unresolved,,,,,3f89c93941f5a47d6c013a1e1e020ea082127f6df858e58034b9f54a9ca95bb2,physmon_canonical_155_v1,discovery,,,causal_control,stage9_random_direction_control,data/manifests/physmon_canonical_155.jsonl,3f89c93941f5a47d6c013a1e1e020ea082127f6df858e58034b9f54a9ca95bb2,unresolved,unresolved,unresolved,,,qwen2p5_7b_instruct,,unresolved,,,,false,,,,partial,,42_if_recorded_else_unresolved,,"[""results/stage9/random_direction_control/rdc_results.csv""]",stage9_random_direction_control,,,random_direction_control,S_lp,0.5,unresolved,unfrozen_discovery,Stage9,complete_exploratory,,,,,"[""results/stage9/random_direction_control/rdc_summary.json""]",,,random_direction_control,,unresolved,
,,exploratory_or_diagnostic,not_paper_eligible,unresolved,,,,,3f89c93941f5a47d6c013a1e1e020ea082127f6df858e58034b9f54a9ca95bb2,physmon_canonical_155_v1,discovery,,,causal_control,stage10_random_site_control,data/manifests/physmon_canonical_155.jsonl,3f89c93941f5a47d6c013a1e1e020ea082127f6df858e58034b9f54a9ca95bb2,unresolved,unresolved,unresolved,,,qwen2p5_7b_instruct,,unresolved,,,,false,,,,partial,,42_if_recorded_else_unresolved,,"[""results/stage10/random_site_control/patching_results.csv""]",stage10_random_site_control,,,random_site_control,S_lp,0.5,unresolved,unfrozen_discovery,Stage10,complete_exploratory,,,,,"[""results/stage10/random_site_control/patching_summary.json""]",,,random_site_control,,unresolved,
,,exploratory_or_diagnostic,not_paper_eligible,unresolved,,,,,3f89c93941f5a47d6c013a1e1e020ea082127f6df858e58034b9f54a9ca95bb2,physmon_canonical_155_v1,discovery,,,causal_control,stage9_mhk_early_layers,data/manifests/physmon_canonical_155.jsonl,3f89c93941f5a47d6c013a1e1e020ea082127f6df858e58034b9f54a9ca95bb2,unresolved,unresolved,unresolved,,,,,unresolved,,,,false,,,,partial,,42_if_recorded_else_unresolved,,"[""results/stage9/mhk_early_layers/patching_results.csv""]",stage9_mhk_early_layers,,,nearby_layer_control,S_lp,0.5,unresolved,unfrozen_discovery,Stage9,complete_exploratory,,,,,"[""results/stage9/mhk_early_layers/patching_summary.json""]",,,nearby_layer_control,,unresolved,
,,exploratory_or_diagnostic,not_paper_eligible,unresolved,,,,,3f89c93941f5a47d6c013a1e1e020ea082127f6df858e58034b9f54a9ca95bb2,physmon_canonical_155_v1,discovery,,,causal_control,stage9_unrelated_family_donor,data/manifests/physmon_canonical_155.jsonl,3f89c93941f5a47d6c013a1e1e020ea082127f6df858e58034b9f54a9ca95bb2,unresolved,unresolved,unresolved,,,,,unresolved,,,,false,,,,partial,,42_if_recorded_else_unresolved,,"[""results/stage9/unrelated_donor/donor_results.csv""]",stage9_unrelated_family_donor,,,unrelated_family_donor,S_lp,0.5,unresolved,unfrozen_discovery,Stage9,complete_exploratory,,,,,"[""results/stage9/unrelated_donor/donor_summary.json""]",,,unrelated_family_donor,,unresolved,
,,exploratory_or_diagnostic,not_paper_eligible,unresolved,,,,,3f89c93941f5a47d6c013a1e1e020ea082127f6df858e58034b9f54a9ca95bb2,physmon_canonical_155_v1,discovery,,,causal_control,stage10_same_answer_donor,data/manifests/physmon_canonical_155.jsonl,3f89c93941f5a47d6c013a1e1e020ea082127f6df858e58034b9f54a9ca95bb2,unresolved,unresolved,unresolved,,,,,unresolved,,,,false,,,,partial,,42_if_recorded_else_unresolved,,"[""results/stage10/same_answer_donor/same_answer_donor_results.csv""]",stage10_same_answer_donor,,,same_answer_donor,S_lp,0.5,unresolved,unfrozen_discovery,Stage10,complete_exploratory,,,,,"[""results/stage10/same_answer_donor/same_answer_donor_summary.json""]",,,same_answer_donor,,unresolved,
,,exploratory_or_diagnostic,not_paper_eligible,unresolved,,,,,3f89c93941f5a47d6c013a1e1e020ea082127f6df858e58034b9f54a9ca95bb2,physmon_canonical_155_v1,discovery,,,causal_control,stage10_stable_donor,data/manifests/physmon_canonical_155.jsonl,3f89c93941f5a47d6c013a1e1e020ea082127f6df858e58034b9f54a9ca95bb2,unresolved,unresolved,unresolved,,,,,unresolved,,,,false,,,,partial,,42_if_recorded_else_unresolved,,"[""results/stage10/stable_donor/stable_donor_results.csv""]",stage10_stable_donor,,,stable_donor,S_lp,0.5,unresolved,unfrozen_discovery,Stage10,complete_exploratory,,,,,"[""results/stage10/stable_donor/stable_donor_summary.json""]",,,stable_donor,,unresolved,
,,exploratory_or_diagnostic,not_paper_eligible,unresolved,,,,,3f89c93941f5a47d6c013a1e1e020ea082127f6df858e58034b9f54a9ca95bb2,physmon_canonical_155_v1,discovery,,,causal_control,stage10_answer_bias_damage,data/manifests/physmon_canonical_155.jsonl,3f89c93941f5a47d6c013a1e1e020ea082127f6df858e58034b9f54a9ca95bb2,unresolved,unresolved,unresolved,,,,,unresolved,,,,false,,,,partial,,42_if_recorded_else_unresolved,,"[""results/stage10/answer_bias/answer_bias_results.csv""]",stage10_answer_bias_damage,,,damage_answer_bias,S_lp,0.5,unresolved,unfrozen_discovery,Stage10,complete_exploratory,,,,,"[""results/stage10/answer_bias/answer_bias_summary.json""]",,,damage_answer_bias,,unresolved,
,,exploratory_or_diagnostic,not_paper_eligible,unresolved,,,,,3f89c93941f5a47d6c013a1e1e020ea082127f6df858e58034b9f54a9ca95bb2,physmon_canonical_155_v1,discovery,,,causal,stage11_variable_renaming_h11,data/manifests/physmon_canonical_155.jsonl,3f89c93941f5a47d6c013a1e1e020ea082127f6df858e58034b9f54a9ca95bb2,unresolved,unresolved,unresolved,,,qwen2p5_7b_instruct,,unresolved,,,,false,,,,partial,,42_if_recorded_else_unresolved,,"[""results/stage11/science/variable_renaming/h11_knockout/patching_results.csv""]",stage11_variable_renaming_h11,,,variable_renaming_h11,S_lp,0.5,unresolved,unfrozen_discovery,Stage11,complete_exploratory,,,,,"[""results/stage11/science/variable_renaming/h11_knockout/patching_summary.json""]",,,variable_renaming_h11,,unresolved,
,,exploratory_or_diagnostic,not_paper_eligible,unresolved,,,,"v4: The donor-on-renamed controls produced zero evaluable rows. Their summaries defaulted to zero recovery, so no scientific null or specificity claim can be made from these runs. v4: The donor-on-renamed controls produced zero evaluable rows. Their summaries defaulted to zero recovery, so no scientific null or specificity claim can be made from these runs. v4: The donor-on-renamed controls produced zero evaluable rows. Their summaries defaulted to zero recovery, so no scientific null or specificity claim can be made from these runs. v4: The donor-on-renamed controls produced zero evaluable rows. Their summaries defaulted to zero recovery, so no scientific null or specificity claim can be made from these runs.",3f89c93941f5a47d6c013a1e1e020ea082127f6df858e58034b9f54a9ca95bb2,physmon_canonical_155_v1,discovery,,,causal_control,stage12_donor_renamed_same_answer,data/manifests/physmon_canonical_155.jsonl,3f89c93941f5a47d6c013a1e1e020ea082127f6df858e58034b9f54a9ca95bb2,unresolved,unresolved,unresolved,,,,,unresolved,,empty_result_panel; summary defaulted zero; no scientific null or specificity claim allowed,,false,,,,partial,,42_if_recorded_else_unresolved,0,"[""results/stage12/science/donor_renamed/same_answer/same_answer_donor_results.csv""]",stage12_donor_renamed_same_answer,,false,donor_renamed_same_answer,S_lp,0.5,unresolved,unfrozen_discovery,Stage12,partial_not_reportable,,,,true,"[""results/stage12/science/donor_renamed/same_answer/same_answer_donor_summary.json""]",,,donor_renamed_same_answer,,unresolved,
,,exploratory_or_diagnostic,not_paper_eligible,unresolved,,,,"v4: The donor-on-renamed controls produced zero evaluable rows. Their summaries defaulted to zero recovery, so no scientific null or specificity claim can be made from these runs. v4: The donor-on-renamed controls produced zero evaluable rows. Their summaries defaulted to zero recovery, so no scientific null or specificity claim can be made from these runs. v4: The donor-on-renamed controls produced zero evaluable rows. Their summaries defaulted to zero recovery, so no scientific null or specificity claim can be made from these runs. v4: The donor-on-renamed controls produced zero evaluable rows. Their summaries defaulted to zero recovery, so no scientific null or specificity claim can be made from these runs.",3f89c93941f5a47d6c013a1e1e020ea082127f6df858e58034b9f54a9ca95bb2,physmon_canonical_155_v1,discovery,,,causal_control,stage12_donor_renamed_stable,data/manifests/physmon_canonical_155.jsonl,3f89c93941f5a47d6c013a1e1e020ea082127f6df858e58034b9f54a9ca95bb2,unresolved,unresolved,unresolved,,,,,unresolved,,empty_result_panel; summary defaulted zero; no scientific null or specificity claim allowed,,false,,,,partial,,42_if_recorded_else_unresolved,0,"[""results/stage12/science/donor_renamed/stable/stable_donor_results.csv""]",stage12_donor_renamed_stable,,false,donor_renamed_stable,S_lp,0.5,unresolved,unfrozen_discovery,Stage12,partial_not_reportable,,,,true,"[""results/stage12/science/donor_renamed/stable/stable_donor_summary.json""]",,,donor_renamed_stable,,unresolved,
,,exploratory_or_diagnostic,not_paper_eligible,unresolved,,,,,3f89c93941f5a47d6c013a1e1e020ea082127f6df858e58034b9f54a9ca95bb2,physmon_canonical_155_v1,discovery,,,causal,stage11_cue_c_h11_h13_intervention,data/manifests/physmon_canonical_155.jsonl,3f89c93941f5a47d6c013a1e1e020ea082127f6df858e58034b9f54a9ca95bb2,unresolved,unresolved,unresolved,,,,,unresolved,,,,false,,,,partial,,42_if_recorded_else_unresolved,,"[""results/stage11/science/cue_c_circuit/h11_knockout/patching_results.csv"", ""results/stage11/science/cue_c_circuit/h11_h13_knockout/patching_results.csv""]",stage11_cue_c_h11_h13_intervention,,,cue_c_h11_h13_intervention,S_lp,0.5,unresolved,unfrozen_discovery,Stage11,complete_exploratory,,,,,"[""results/stage11/science/cue_c_circuit/h11_knockout/patching_summary.json"", ""results/stage11/science/cue_c_circuit/h11_h13_knockout/patching_summary.json""]",,,cue_c_h11_h13_intervention,,unresolved,
,,exploratory_or_diagnostic,not_paper_eligible,unresolved,,,,,3f89c93941f5a47d6c013a1e1e020ea082127f6df858e58034b9f54a9ca95bb2,physmon_canonical_155_v1,discovery,,,causal,stage12_llama_full_head_sweep_partial_summary,data/manifests/physmon_canonical_155.jsonl,3f89c93941f5a47d6c013a1e1e020ea082127f6df858e58034b9f54a9ca95bb2,unresolved,unresolved,unresolved,,,llama3p1_8b_instruct,,unresolved,,,,false,,,,partial,,42_if_recorded_else_unresolved,,[],stage12_llama_full_head_sweep_partial_summary,,,llama_full_head_sweep_partial,S_lp,0.5,unresolved,unfrozen_discovery,Stage12,superseded,,,,,"[""results/stage12/llama_full_head_sweep/head_sweep_summary.partial.json""]",,,llama_full_head_sweep_partial,,unresolved,
,,exploratory_or_diagnostic,not_paper_eligible,unresolved,,,,,3f89c93941f5a47d6c013a1e1e020ea082127f6df858e58034b9f54a9ca95bb2,physmon_canonical_155_v1,discovery,,,causal,stage12_llama_full_32head_sweep,data/manifests/physmon_canonical_155.jsonl,3f89c93941f5a47d6c013a1e1e020ea082127f6df858e58034b9f54a9ca95bb2,unresolved,unresolved,unresolved,,,llama3p1_8b_instruct,,unresolved,,v4: authoritative status downgraded because provenance is not complete.,,false,,,,partial,,42_if_recorded_else_unresolved,,"[""results/stage12/llama_full_head_sweep/head_2/patching_results.csv""]",stage12_llama_full_32head_sweep,,,llama_full_32head_sweep,S_lp,0.5,unresolved,unfrozen_discovery,Stage12,complete_exploratory,,,,,"[""results/stage12/llama_full_head_sweep/head_sweep_summary.json""]",stage12_llama_full_head_sweep_partial_summary,,llama_full_32head_sweep,,unresolved,
,,exploratory_or_diagnostic,not_paper_eligible,unresolved,,,,,3f89c93941f5a47d6c013a1e1e020ea082127f6df858e58034b9f54a9ca95bb2,physmon_canonical_155_v1,discovery,,,causal,stage10_llama_old_mhk,data/manifests/physmon_canonical_155.jsonl,3f89c93941f5a47d6c013a1e1e020ea082127f6df858e58034b9f54a9ca95bb2,unresolved,unresolved,unresolved,,,llama3p1_8b_instruct,,unresolved,,,,false,,,,partial,,42_if_recorded_else_unresolved,,"[""results/stage10/llama_mhk/patching_results.csv""]",stage10_llama_old_mhk,,,llama_old_mhk,S_lp,0.5,unresolved,unfrozen_discovery,Stage10,complete_exploratory,,,,,"[""results/stage10/llama_mhk/patching_summary.json""]",,,llama_old_mhk,,unresolved,
,,exploratory_or_diagnostic,not_paper_eligible,unresolved,,,,,3f89c93941f5a47d6c013a1e1e020ea082127f6df858e58034b9f54a9ca95bb2,physmon_canonical_155_v1,discovery,,,causal,stage10_llama_corrected_mhk_v2,data/manifests/physmon_canonical_155.jsonl,3f89c93941f5a47d6c013a1e1e020ea082127f6df858e58034b9f54a9ca95bb2,unresolved,unresolved,unresolved,,,llama3p1_8b_instruct,,unresolved,,,,false,,,,partial,,42_if_recorded_else_unresolved,,"[""results/stage10/llama_mhk_v2/attn_layer19/patching_results.csv"", ""results/stage10/llama_mhk_v2/causal_sweep/patching_results.csv""]",stage10_llama_corrected_mhk_v2,,,llama_corrected_mhk_v2,S_lp,0.5,unresolved,unfrozen_discovery,Stage10,complete_exploratory,,,,,"[""results/stage10/llama_mhk_v2/attn_layer19/patching_summary.json"", ""results/stage10/llama_mhk_v2/causal_sweep/patching_summary.json""]",,,llama_corrected_mhk_v2,,unresolved,
,,exploratory_or_diagnostic,not_paper_eligible,unresolved,,,,,3f89c93941f5a47d6c013a1e1e020ea082127f6df858e58034b9f54a9ca95bb2,physmon_canonical_155_v1,discovery,,,causal,stage12_llama_h2_combinations,data/manifests/physmon_canonical_155.jsonl,3f89c93941f5a47d6c013a1e1e020ea082127f6df858e58034b9f54a9ca95bb2,unresolved,unresolved,unresolved,,,llama3p1_8b_instruct,,unresolved,,,,false,,,,partial,,42_if_recorded_else_unresolved,,"[""results/stage12/llama_head2_combos/subset_2/patching_results.csv""]",stage12_llama_h2_combinations,,,llama_h2_combinations,S_lp,0.5,unresolved,unfrozen_discovery,Stage12,complete_exploratory,,,,,"[""results/stage12/llama_head2_combos/subset_2/patching_summary.json""]",,,llama_h2_combinations,,unresolved,
,,exploratory_or_diagnostic,not_paper_eligible,unresolved,,,,Llama-valid positive panel test remains mandatory before submission framing.,3f89c93941f5a47d6c013a1e1e020ea082127f6df858e58034b9f54a9ca95bb2,physmon_canonical_155_v1,discovery,,,panel_audit,stage12_llama_panel_eligibility,data/manifests/physmon_canonical_155.jsonl,3f89c93941f5a47d6c013a1e1e020ea082127f6df858e58034b9f54a9ca95bb2,unresolved,unresolved,unresolved,,,llama3p1_8b_instruct,,unresolved,,Llama-valid positive panel test remains mandatory before submission framing.,,false,,,,partial,,42_if_recorded_else_unresolved,,"[""results/stage6/analysis_d2/stage6_positive_families_llama.json""]",stage12_llama_panel_eligibility,,,llama_panel_eligibility,S_lp,0.5,unresolved,unfrozen_discovery,Stage12,partial_not_reportable,,,,,[],,,llama_panel_eligibility,,unresolved,
,,exploratory_or_diagnostic,not_paper_eligible,unresolved,,,,,3f89c93941f5a47d6c013a1e1e020ea082127f6df858e58034b9f54a9ca95bb2,physmon_canonical_155_v1,discovery,,,monitoring,stage8_deepseek_within_model_monitoring,data/manifests/physmon_canonical_155.jsonl,3f89c93941f5a47d6c013a1e1e020ea082127f6df858e58034b9f54a9ca95bb2,unresolved,unresolved,unresolved,,,deepseek_r1_distill_qwen_32b,,unresolved,,,,false,,,,unresolved,,42_if_recorded_else_unresolved,,[],stage8_deepseek_within_model_monitoring,,,deepseek_within_model_monitoring,S_lp,0.5,unresolved,unfrozen_discovery,Stage8,partial_not_reportable,,,,,[],,,deepseek_within_model_monitoring,,unresolved,
,,exploratory_or_diagnostic,not_paper_eligible,unresolved,,,,,3f89c93941f5a47d6c013a1e1e020ea082127f6df858e58034b9f54a9ca95bb2,physmon_canonical_155_v1,discovery,,,monitoring_transfer,stage8_qwen_to_deepseek_transfer,data/manifests/physmon_canonical_155.jsonl,3f89c93941f5a47d6c013a1e1e020ea082127f6df858e58034b9f54a9ca95bb2,unresolved,unresolved,unresolved,,,deepseek_r1_distill_qwen_32b,,unresolved,,,,false,,,,unresolved,,42_if_recorded_else_unresolved,,[],stage8_qwen_to_deepseek_transfer,,,qwen_to_deepseek_transfer,S_lp,0.5,unresolved,unfrozen_discovery,Stage8,partial_not_reportable,,,,,[],,,qwen_to_deepseek_transfer,,unresolved,
,,exploratory_or_diagnostic,not_paper_eligible,unresolved,,,,,3f89c93941f5a47d6c013a1e1e020ea082127f6df858e58034b9f54a9ca95bb2,physmon_canonical_155_v1,discovery,,,monitoring_transfer,stage8_deepseek_to_qwen_transfer,data/manifests/physmon_canonical_155.jsonl,3f89c93941f5a47d6c013a1e1e020ea082127f6df858e58034b9f54a9ca95bb2,unresolved,unresolved,unresolved,,,deepseek_r1_distill_qwen_32b,,unresolved,,,,false,,,,unresolved,,42_if_recorded_else_unresolved,,[],stage8_deepseek_to_qwen_transfer,,,deepseek_to_qwen_transfer,S_lp,0.5,unresolved,unfrozen_discovery,Stage8,partial_not_reportable,,,,,[],,,deepseek_to_qwen_transfer,,unresolved,
,,exploratory_or_diagnostic,not_paper_eligible,unresolved,,,,,3f89c93941f5a47d6c013a1e1e020ea082127f6df858e58034b9f54a9ca95bb2,physmon_canonical_155_v1,discovery,,,causal,stage11_deepseek_h20_single_head,data/manifests/physmon_canonical_155.jsonl,3f89c93941f5a47d6c013a1e1e020ea082127f6df858e58034b9f54a9ca95bb2,unresolved,unresolved,unresolved,,,deepseek_r1_distill_qwen_32b,,unresolved,,,,false,,,,partial,,42_if_recorded_else_unresolved,,"[""results/stage11/science/deepseek_single_heads/head_20/patching_results.csv""]",stage11_deepseek_h20_single_head,,,deepseek_h20_single_head,S_lp,0.5,unresolved,unfrozen_discovery,Stage11,complete_exploratory,,,,,"[""results/stage11/science/deepseek_single_heads/head_20/patching_summary.json""]",,,deepseek_h20_single_head,,unresolved,
,,exploratory_or_diagnostic,not_paper_eligible,unresolved,,,,,3f89c93941f5a47d6c013a1e1e020ea082127f6df858e58034b9f54a9ca95bb2,physmon_canonical_155_v1,discovery,,,causal,stage11_deepseek_h26_single_head,data/manifests/physmon_canonical_155.jsonl,3f89c93941f5a47d6c013a1e1e020ea082127f6df858e58034b9f54a9ca95bb2,unresolved,unresolved,unresolved,,,deepseek_r1_distill_qwen_32b,,unresolved,,,,false,,,,partial,,42_if_recorded_else_unresolved,,"[""results/stage11/science/deepseek_single_heads/head_26/patching_results.csv""]",stage11_deepseek_h26_single_head,,,deepseek_h26_single_head,S_lp,0.5,unresolved,unfrozen_discovery,Stage11,complete_exploratory,,,,,"[""results/stage11/science/deepseek_single_heads/head_26/patching_summary.json""]",,,deepseek_h26_single_head,,unresolved,
,,exploratory_or_diagnostic,not_paper_eligible,unresolved,,,,Panel-mismatched result; cannot support clean DeepSeek causal claim.,3f89c93941f5a47d6c013a1e1e020ea082127f6df858e58034b9f54a9ca95bb2,physmon_canonical_155_v1,discovery,,,causal,stage10_deepseek_top4_mhk_qwen_panel,data/manifests/physmon_canonical_155.jsonl,3f89c93941f5a47d6c013a1e1e020ea082127f6df858e58034b9f54a9ca95bb2,unresolved,unresolved,unresolved,,,deepseek_r1_distill_qwen_32b,,unresolved,,Panel-mismatched result; cannot support clean DeepSeek causal claim.,,false,,,,partial,,42_if_recorded_else_unresolved,,"[""results/stage10/deepseek_mhk/patching_results.csv""]",stage10_deepseek_top4_mhk_qwen_panel,,,deepseek_top4_mhk_qwen_panel,S_lp,0.5,unresolved,unfrozen_discovery,Stage10,complete_exploratory,,,,,"[""results/stage10/deepseek_mhk/patching_summary.json""]",,,deepseek_top4_mhk_qwen_panel,,unresolved,
,,exploratory_or_diagnostic,not_paper_eligible,unresolved,,,,,3f89c93941f5a47d6c013a1e1e020ea082127f6df858e58034b9f54a9ca95bb2,physmon_canonical_155_v1,discovery,,,panel_audit,stage11_deepseek_valid_panel_rescore,data/manifests/physmon_canonical_155.jsonl,3f89c93941f5a47d6c013a1e1e020ea082127f6df858e58034b9f54a9ca95bb2,unresolved,unresolved,unresolved,,,deepseek_r1_distill_qwen_32b,,unresolved,,,,false,,,,partial,,42_if_recorded_else_unresolved,,[],stage11_deepseek_valid_panel_rescore,,,deepseek_valid_panel_rescore,S_lp,0.5,unresolved,unfrozen_discovery,Stage11,complete_exploratory,,,,,"[""results/stage11/science/deepseek_single_heads/deepseek_valid_subset_summary.json""]",,,deepseek_valid_panel_rescore,,unresolved,
,,exploratory_or_diagnostic,not_paper_eligible,unresolved,,,,Full DeepSeek valid-panel head sweep is absent/pending in current local evidence.,3f89c93941f5a47d6c013a1e1e020ea082127f6df858e58034b9f54a9ca95bb2,physmon_canonical_155_v1,discovery,,,causal,stage12_deepseek_full_head_sweep_absent,data/manifests/physmon_canonical_155.jsonl,3f89c93941f5a47d6c013a1e1e020ea082127f6df858e58034b9f54a9ca95bb2,unresolved,unresolved,unresolved,,,deepseek_r1_distill_qwen_32b,,unresolved,,Full DeepSeek valid-panel head sweep is absent/pending in current local evidence.,,false,,,,unresolved,,42_if_recorded_else_unresolved,,[],stage12_deepseek_full_head_sweep_absent,,,deepseek_full_head_sweep,S_lp,0.5,unresolved,unfrozen_discovery,Stage12,pending,,,,,[],,,deepseek_full_head_sweep,,unresolved,
,,exploratory_or_diagnostic,not_paper_eligible,unresolved,,,,,3f89c93941f5a47d6c013a1e1e020ea082127f6df858e58034b9f54a9ca95bb2,physmon_canonical_155_v1,discovery,,,scaling,stage12_qwen3b_incomplete_behavioural,data/manifests/physmon_canonical_155.jsonl,3f89c93941f5a47d6c013a1e1e020ea082127f6df858e58034b9f54a9ca95bb2,unresolved,unresolved,unresolved,,,qwen2p5_3b_instruct,,unresolved,,,,false,,,,partial,,42_if_recorded_else_unresolved,,"[""results/stage12/qwen_3b/behavioural/qwen_3b_20260621T093919Z.jsonl"", ""results/stage12/qwen_3b/behavioural/qwen_3b_20260621T125247Z.jsonl""]",stage12_qwen3b_incomplete_behavioural,,,qwen3b_behavioural,S_lp,0.5,unresolved,unfrozen_discovery,Stage12,partial_not_reportable,,,,,[],,,qwen3b_behavioural,,unresolved,
,,exploratory_or_diagnostic,not_paper_eligible,unresolved,,,,,3f89c93941f5a47d6c013a1e1e020ea082127f6df858e58034b9f54a9ca95bb2,physmon_canonical_155_v1,discovery,,,scaling,stage12_qwen14b_not_run,data/manifests/physmon_canonical_155.jsonl,3f89c93941f5a47d6c013a1e1e020ea082127f6df858e58034b9f54a9ca95bb2,unresolved,unresolved,unresolved,,,qwen2p5_14b_instruct,,unresolved,,,,false,,,,unresolved,,42_if_recorded_else_unresolved,,[],stage12_qwen14b_not_run,,,qwen14b_pipeline,S_lp,0.5,unresolved,unfrozen_discovery,Stage12,pending,,,,,[],,,qwen14b_pipeline,,unresolved,
,,exploratory_or_diagnostic,not_paper_eligible,unresolved,,,,,3f89c93941f5a47d6c013a1e1e020ea082127f6df858e58034b9f54a9ca95bb2,physmon_canonical_155_v1,discovery,,,scaling,stage12_mistral_not_run,data/manifests/physmon_canonical_155.jsonl,3f89c93941f5a47d6c013a1e1e020ea082127f6df858e58034b9f54a9ca95bb2,unresolved,unresolved,unresolved,,,mistral_7b_instruct_v03,,unresolved,,,,false,,,,unresolved,,42_if_recorded_else_unresolved,,[],stage12_mistral_not_run,,,mistral_pipeline,S_lp,0.5,unresolved,unfrozen_discovery,Stage12,pending,,,,,[],,,mistral_pipeline,,unresolved,
,,exploratory_or_diagnostic,not_paper_eligible,unresolved,,,,,3f89c93941f5a47d6c013a1e1e020ea082127f6df858e58034b9f54a9ca95bb2,physmon_canonical_155_v1,discovery,,,diagnostic,appendix_formula_leakage,data/manifests/physmon_canonical_155.jsonl,3f89c93941f5a47d6c013a1e1e020ea082127f6df858e58034b9f54a9ca95bb2,unresolved,unresolved,unresolved,,,qwen2p5_7b_instruct,,unresolved,,,,false,,,,partial,,42_if_recorded_else_unresolved,,"[""results/appendix/formula_leakage/behavioural/qwen_primary_20260620T084819Z.jsonl""]",appendix_formula_leakage,,,formula_leakage,S_lp,0.5,unresolved,unfrozen_discovery,Appendix,complete_exploratory,,,,,"[""results/appendix/formula_leakage/analysis/summary.json""]",,,formula_leakage,,unresolved,
,,exploratory_or_diagnostic,not_paper_eligible,unresolved,,,,,3f89c93941f5a47d6c013a1e1e020ea082127f6df858e58034b9f54a9ca95bb2,physmon_canonical_155_v1,discovery,,,science_diagnostic,stage11_latent_family_geometry,data/manifests/physmon_canonical_155.jsonl,3f89c93941f5a47d6c013a1e1e020ea082127f6df858e58034b9f54a9ca95bb2,unresolved,unresolved,unresolved,,,,,unresolved,,,,false,,,,partial,,42_if_recorded_else_unresolved,,[],stage11_latent_family_geometry,,,latent_family_geometry,S_lp,0.5,unresolved,unfrozen_discovery,Stage11,complete_exploratory,,,,,"[""results/stage11/science/latent_family_geometry/latent_family_geometry.json""]",,,latent_family_geometry,,unresolved,
,,exploratory_or_diagnostic,not_paper_eligible,unresolved,,,,,3f89c93941f5a47d6c013a1e1e020ea082127f6df858e58034b9f54a9ca95bb2,physmon_canonical_155_v1,discovery,,,science_diagnostic,stage11_precursor_characterisation,data/manifests/physmon_canonical_155.jsonl,3f89c93941f5a47d6c013a1e1e020ea082127f6df858e58034b9f54a9ca95bb2,unresolved,unresolved,unresolved,,,,,unresolved,,,,false,,,,partial,,42_if_recorded_else_unresolved,,"[""results/stage11/science/precursor_characterisation/per_variant_predictions.json""]",stage11_precursor_characterisation,,,precursor_characterisation,S_lp,0.5,unresolved,unfrozen_discovery,Stage11,complete_exploratory,,,,,"[""results/stage11/science/precursor_characterisation/prompt_condition_probe_summary.json""]",,,precursor_characterisation,,unresolved,
,,exploratory_or_diagnostic,not_paper_eligible,unresolved,,,,,3f89c93941f5a47d6c013a1e1e020ea082127f6df858e58034b9f54a9ca95bb2,physmon_canonical_155_v1,discovery,,,science_diagnostic,stage12_cross_cue_layer_sweep,data/manifests/physmon_canonical_155.jsonl,3f89c93941f5a47d6c013a1e1e020ea082127f6df858e58034b9f54a9ca95bb2,unresolved,unresolved,unresolved,,,,,unresolved,,,,false,,,,partial,,42_if_recorded_else_unresolved,,"[""results/stage12/science/cross_cue_layer_sweep/cross_cue_layer_sweep.json""]",stage12_cross_cue_layer_sweep,,,cross_cue_layer_sweep,S_lp,0.5,unresolved,unfrozen_discovery,Stage12,complete_exploratory,,,,,"[""results/stage12/science/cross_cue_layer_sweep/cross_cue_transfer_summary.json""]",,,cross_cue_layer_sweep,,unresolved,
,,exploratory_or_diagnostic,not_paper_eligible,unresolved,,,,,3f89c93941f5a47d6c013a1e1e020ea082127f6df858e58034b9f54a9ca95bb2,physmon_canonical_155_v1,discovery,,,benchmark_data,stage6_original_140_generation,data/manifests/physmon_canonical_155.jsonl,3f89c93941f5a47d6c013a1e1e020ea082127f6df858e58034b9f54a9ca95bb2,unresolved,unresolved,unresolved,,,,,unresolved,,,,false,,,,partial,,42_if_recorded_else_unresolved,,"[""results/stage6/audit/stage6_full_benchmark_manifest.csv""]",stage6_original_140_generation,,,original_140_generation,S_lp,0.5,unresolved,unfrozen_discovery,Stage6,complete_exploratory,,,,,"[""results/stage6/audit/stage6_freeze_gate_summary.json""]",,,original_140_generation,,unresolved,
,,exploratory_or_diagnostic,not_paper_eligible,unresolved,,,,,3f89c93941f5a47d6c013a1e1e020ea082127f6df858e58034b9f54a9ca95bb2,physmon_canonical_155_v1,discovery,,,benchmark_data,stage10_15_family_expansion,data/manifests/physmon_canonical_155.jsonl,3f89c93941f5a47d6c013a1e1e020ea082127f6df858e58034b9f54a9ca95bb2,unresolved,unresolved,unresolved,,,,,unresolved,,,,false,,,,partial,,42_if_recorded_else_unresolved,,"[""results/stage10/benchmark_expansion/verification/CM_C_006.json""]",stage10_15_family_expansion,,,15_family_expansion,S_lp,0.5,unresolved,unfrozen_discovery,Stage10,complete_exploratory,,,,,"[""results/stage10/benchmark_expansion/expansion_summary.json""]",,,15_family_expansion,,unresolved,
,,exploratory_or_diagnostic,not_paper_eligible,unresolved,,,,,3f89c93941f5a47d6c013a1e1e020ea082127f6df858e58034b9f54a9ca95bb2,physmon_canonical_155_v1,discovery,,,benchmark_data,stage11_variable_renaming_derived_set,data/manifests/physmon_canonical_155.jsonl,3f89c93941f5a47d6c013a1e1e020ea082127f6df858e58034b9f54a9ca95bb2,unresolved,unresolved,unresolved,,,,,unresolved,,,,false,,,,partial,,42_if_recorded_else_unresolved,,"[""results/stage11/variable_renaming/rendered/renamed_manifest.json""]",stage11_variable_renaming_derived_set,,,variable_renaming_derived_set,S_lp,0.5,unresolved,unfrozen_discovery,Stage11,complete_exploratory,,,,,"[""results/stage11/variable_renaming/renamed_positive_families.json""]",,,variable_renaming_derived_set,,unresolved,
,,exploratory_or_diagnostic,not_paper_eligible,unresolved,,,,Nested archive byte-level comparison remains critical unresolved work.,3f89c93941f5a47d6c013a1e1e020ea082127f6df858e58034b9f54a9ca95bb2,physmon_canonical_155_v1,discovery,,,artifact_audit,stage13_nested_stage6_archive_audit,data/manifests/physmon_canonical_155.jsonl,3f89c93941f5a47d6c013a1e1e020ea082127f6df858e58034b9f54a9ca95bb2,unresolved,unresolved,unresolved,,,,,unresolved,,Nested archive byte-level comparison remains critical unresolved work.,,false,,,,partial,,42_if_recorded_else_unresolved,,"[""results/stage6/generated_phase2_ad.zip"", ""results/stage6/generated_phase2_bce.zip""]",stage13_nested_stage6_archive_audit,,,nested_stage6_archive_audit,S_lp,0.5,unresolved,unfrozen_discovery,Stage13,partial_not_reportable,,,,,"[""docs/registry/artifact_authority_audit_v2.json""]",,,nested_stage6_archive_audit,,unresolved,
