family_id,base_variant_id,sensitive_variant_id,patch_layer,patch_site,original_S_lp,patched_S_lp,recovery_fraction
CM_B_UM_059,0,1,4,resid_post_cue_token,10.03125,10.03125,0.0
CM_B_UM_059,0,1,8,resid_post_cue_token,10.03125,10.03125,0.0
CM_B_UM_059,0,1,12,resid_post_cue_token,10.03125,10.03125,0.0
CM_B_UM_059,0,1,14,resid_post_cue_token,10.03125,10.03125,0.0
CM_B_UM_059,0,1,15,resid_post_cue_token,10.03125,10.03125,0.0
CM_B_UM_059,0,1,16,resid_post_cue_token,10.03125,10.03125,0.0
CM_B_UM_059,0,1,17,resid_post_cue_token,10.03125,10.03125,0.0
CM_B_UM_059,0,1,18,resid_post_cue_token,10.03125,10.03125,0.0
CM_B_UM_059,0,1,19,resid_post_cue_token,10.03125,10.03125,0.0
CM_B_UM_059,0,1,20,resid_post_cue_token,10.03125,10.03125,0.0
CM_B_UM_059,0,1,22,resid_post_cue_token,10.03125,10.03125,0.0
CM_B_UM_059,0,1,25,resid_post_cue_token,10.03125,10.03125,0.0
CM_B_UM_032,0,1,4,resid_post_cue_token,5.5625,5.96875,-0.0730337078651686
CM_B_UM_032,0,1,8,resid_post_cue_token,5.5625,5.96875,-0.0730337078651686
CM_B_UM_032,0,1,12,resid_post_cue_token,5.5625,5.96875,-0.0730337078651686
CM_B_UM_032,0,1,14,resid_post_cue_token,5.5625,5.96875,-0.0730337078651686
CM_B_UM_032,0,1,15,resid_post_cue_token,5.5625,5.96875,-0.0730337078651686
CM_B_UM_032,0,1,16,resid_post_cue_token,5.5625,5.96875,-0.0730337078651686
CM_B_UM_032,0,1,17,resid_post_cue_token,5.5625,5.96875,-0.0730337078651686
CM_B_UM_032,0,1,18,resid_post_cue_token,5.5625,5.96875,-0.0730337078651686
CM_B_UM_032,0,1,19,resid_post_cue_token,5.5625,5.96875,-0.0730337078651686
CM_B_UM_032,0,1,20,resid_post_cue_token,5.5625,5.96875,-0.0730337078651686
CM_B_UM_032,0,1,22,resid_post_cue_token,5.5625,5.96875,-0.0730337078651686
CM_B_UM_032,0,1,25,resid_post_cue_token,5.5625,5.96875,-0.0730337078651686
CM_B_STD_006,0,2,4,resid_post_cue_token,5.4375,5.28125,0.028735632183908066
CM_B_STD_006,0,2,8,resid_post_cue_token,5.4375,5.28125,0.028735632183908066
CM_B_STD_006,0,2,12,resid_post_cue_token,5.4375,5.28125,0.028735632183908066
CM_B_STD_006,0,2,14,resid_post_cue_token,5.4375,5.28125,0.028735632183908066
CM_B_STD_006,0,2,15,resid_post_cue_token,5.4375,5.28125,0.028735632183908066
CM_B_STD_006,0,2,16,resid_post_cue_token,5.4375,5.28125,0.028735632183908066
CM_B_STD_006,0,2,17,resid_post_cue_token,5.4375,5.28125,0.028735632183908066
CM_B_STD_006,0,2,18,resid_post_cue_token,5.4375,5.28125,0.028735632183908066
CM_B_STD_006,0,2,19,resid_post_cue_token,5.4375,5.28125,0.028735632183908066
CM_B_STD_006,0,2,20,resid_post_cue_token,5.4375,5.28125,0.028735632183908066
CM_B_STD_006,0,2,22,resid_post_cue_token,5.4375,5.28125,0.028735632183908066
CM_B_STD_006,0,2,25,resid_post_cue_token,5.4375,5.28125,0.028735632183908066
CM_B_UM_055,0,2,4,resid_post_cue_token,5.171875,5.078125,0.01812688821752262
CM_B_UM_055,0,2,8,resid_post_cue_token,5.171875,4.953125,0.04229607250755285
CM_B_UM_055,0,2,12,resid_post_cue_token,5.171875,5.109375,0.012084592145015116
CM_B_UM_055,0,2,14,resid_post_cue_token,5.171875,5.203125,-0.0060422960725075026
CM_B_UM_055,0,2,15,resid_post_cue_token,5.171875,5.078125,0.01812688821752262
CM_B_UM_055,0,2,16,resid_post_cue_token,5.171875,5.046875,0.024169184290030232
CM_B_UM_055,0,2,17,resid_post_cue_token,5.171875,5.078125,0.01812688821752262
CM_B_UM_055,0,2,18,resid_post_cue_token,5.171875,5.078125,0.01812688821752262
CM_B_UM_055,0,2,19,resid_post_cue_token,5.171875,5.078125,0.01812688821752262
CM_B_UM_055,0,2,20,resid_post_cue_token,5.171875,5.015625,0.030211480362537735
CM_B_UM_055,0,2,22,resid_post_cue_token,5.171875,5.171875,0.0
CM_B_UM_055,0,2,25,resid_post_cue_token,5.171875,5.078125,0.01812688821752262
CM_B_STD_013,0,2,4,resid_post_cue_token,4.96875,4.78125,0.037735849056603765
CM_B_STD_013,0,2,8,resid_post_cue_token,4.96875,4.8125,0.03144654088050314
CM_B_STD_013,0,2,12,resid_post_cue_token,4.96875,4.84375,0.02515723270440251
CM_B_STD_013,0,2,14,resid_post_cue_token,4.96875,4.71875,0.05031446540880502
CM_B_STD_013,0,2,15,resid_post_cue_token,4.96875,4.8125,0.03144654088050314
CM_B_STD_013,0,2,16,resid_post_cue_token,4.96875,4.78125,0.037735849056603765
CM_B_STD_013,0,2,17,resid_post_cue_token,4.96875,4.84375,0.02515723270440251
CM_B_STD_013,0,2,18,resid_post_cue_token,4.96875,4.78125,0.037735849056603765
CM_B_STD_013,0,2,19,resid_post_cue_token,4.96875,4.75,0.04402515723270439
CM_B_STD_013,0,2,20,resid_post_cue_token,4.96875,4.78125,0.037735849056603765
CM_B_STD_013,0,2,22,resid_post_cue_token,4.96875,4.78125,0.037735849056603765
CM_B_STD_013,0,2,25,resid_post_cue_token,4.96875,4.75,0.04402515723270439
CM_B_UM_052,0,1,4,resid_post_cue_token,4.921875,4.640625,0.05714285714285716
CM_B_UM_052,0,1,8,resid_post_cue_token,4.921875,4.609375,0.06349206349206349
CM_B_UM_052,0,1,12,resid_post_cue_token,4.921875,4.609375,0.06349206349206349
CM_B_UM_052,0,1,14,resid_post_cue_token,4.921875,4.640625,0.05714285714285716
CM_B_UM_052,0,1,15,resid_post_cue_token,4.921875,4.515625,0.08253968253968258
CM_B_UM_052,0,1,16,resid_post_cue_token,4.921875,4.546875,0.07619047619047614
CM_B_UM_052,0,1,17,resid_post_cue_token,4.921875,4.453125,0.09523809523809523
CM_B_UM_052,0,1,18,resid_post_cue_token,4.921875,4.609375,0.06349206349206349
CM_B_UM_052,0,1,19,resid_post_cue_token,4.921875,4.578125,0.06984126984126982
CM_B_UM_052,0,1,20,resid_post_cue_token,4.921875,4.640625,0.05714285714285716
CM_B_UM_052,0,1,22,resid_post_cue_token,4.921875,4.609375,0.06349206349206349
CM_B_UM_052,0,1,25,resid_post_cue_token,4.921875,4.546875,0.07619047619047614
CM_B_STD_010,0,2,4,resid_post_cue_token,4.84375,4.46875,0.07741935483870965
CM_B_STD_010,0,2,8,resid_post_cue_token,4.84375,4.46875,0.07741935483870965
CM_B_STD_010,0,2,12,resid_post_cue_token,4.84375,4.46875,0.07741935483870965
CM_B_STD_010,0,2,14,resid_post_cue_token,4.84375,4.46875,0.07741935483870965
CM_B_STD_010,0,2,15,resid_post_cue_token,4.84375,4.46875,0.07741935483870965
CM_B_STD_010,0,2,16,resid_post_cue_token,4.84375,4.46875,0.07741935483870965
CM_B_STD_010,0,2,17,resid_post_cue_token,4.84375,4.46875,0.07741935483870965
CM_B_STD_010,0,2,18,resid_post_cue_token,4.84375,4.46875,0.07741935483870965
CM_B_STD_010,0,2,19,resid_post_cue_token,4.84375,4.46875,0.07741935483870965
CM_B_STD_010,0,2,20,resid_post_cue_token,4.84375,4.46875,0.07741935483870965
CM_B_STD_010,0,2,22,resid_post_cue_token,4.84375,4.46875,0.07741935483870965
CM_B_STD_010,0,2,25,resid_post_cue_token,4.84375,4.46875,0.07741935483870965
CM_B_STD_011,0,1,4,resid_post_cue_token,4.8125,4.8125,0.0
CM_B_STD_011,0,1,8,resid_post_cue_token,4.8125,4.8125,0.0
CM_B_STD_011,0,1,12,resid_post_cue_token,4.8125,4.8125,0.0
CM_B_STD_011,0,1,14,resid_post_cue_token,4.8125,4.8125,0.0
CM_B_STD_011,0,1,15,resid_post_cue_token,4.8125,4.8125,0.0
CM_B_STD_011,0,1,16,resid_post_cue_token,4.8125,4.8125,0.0
CM_B_STD_011,0,1,17,resid_post_cue_token,4.8125,4.8125,0.0
CM_B_STD_011,0,1,18,resid_post_cue_token,4.8125,4.8125,0.0
CM_B_STD_011,0,1,19,resid_post_cue_token,4.8125,4.8125,0.0
CM_B_STD_011,0,1,20,resid_post_cue_token,4.8125,4.8125,0.0
CM_B_STD_011,0,1,22,resid_post_cue_token,4.8125,4.8125,0.0
CM_B_STD_011,0,1,25,resid_post_cue_token,4.8125,4.8125,0.0
CM_B_UM_033,0,1,4,resid_post_cue_token,4.53125,3.8125,0.1586206896551724
CM_B_UM_033,0,1,8,resid_post_cue_token,4.53125,4.09375,0.096551724137931
CM_B_UM_033,0,1,12,resid_post_cue_token,4.53125,3.65625,0.19310344827586212
CM_B_UM_033,0,1,14,resid_post_cue_token,4.53125,3.875,0.1448275862068965
CM_B_UM_033,0,1,15,resid_post_cue_token,4.53125,3.984375,0.12068965517241381
CM_B_UM_033,0,1,16,resid_post_cue_token,4.53125,3.90625,0.13793103448275867
CM_B_UM_033,0,1,17,resid_post_cue_token,4.53125,3.890625,0.14137931034482754
CM_B_UM_033,0,1,18,resid_post_cue_token,4.53125,3.828125,0.15517241379310343
CM_B_UM_033,0,1,19,resid_post_cue_token,4.53125,3.890625,0.14137931034482754
CM_B_UM_033,0,1,20,resid_post_cue_token,4.53125,3.78125,0.16551724137931034
CM_B_UM_033,0,1,22,resid_post_cue_token,4.53125,3.875,0.1448275862068965
CM_B_UM_033,0,1,25,resid_post_cue_token,4.53125,3.90625,0.13793103448275867
CM_B_UM_009,0,1,4,resid_post_cue_token,4.375,4.46875,-0.021428571428571352
CM_B_UM_009,0,1,8,resid_post_cue_token,4.375,4.46875,-0.021428571428571352
CM_B_UM_009,0,1,12,resid_post_cue_token,4.375,4.46875,-0.021428571428571352
CM_B_UM_009,0,1,14,resid_post_cue_token,4.375,4.46875,-0.021428571428571352
CM_B_UM_009,0,1,15,resid_post_cue_token,4.375,4.46875,-0.021428571428571352
CM_B_UM_009,0,1,16,resid_post_cue_token,4.375,4.46875,-0.021428571428571352
CM_B_UM_009,0,1,17,resid_post_cue_token,4.375,4.46875,-0.021428571428571352
CM_B_UM_009,0,1,18,resid_post_cue_token,4.375,4.46875,-0.021428571428571352
CM_B_UM_009,0,1,19,resid_post_cue_token,4.375,4.46875,-0.021428571428571352
CM_B_UM_009,0,1,20,resid_post_cue_token,4.375,4.46875,-0.021428571428571352
CM_B_UM_009,0,1,22,resid_post_cue_token,4.375,4.46875,-0.021428571428571352
CM_B_UM_009,0,1,25,resid_post_cue_token,4.375,4.46875,-0.021428571428571352
CM_B_UM_013,0,1,4,resid_post_cue_token,3.453125,3.515625,-0.018099547511312153
CM_B_UM_013,0,1,8,resid_post_cue_token,3.453125,3.515625,-0.018099547511312153
CM_B_UM_013,0,1,12,resid_post_cue_token,3.453125,3.515625,-0.018099547511312153
CM_B_UM_013,0,1,14,resid_post_cue_token,3.453125,3.515625,-0.018099547511312153
CM_B_UM_013,0,1,15,resid_post_cue_token,3.453125,3.515625,-0.018099547511312153
CM_B_UM_013,0,1,16,resid_post_cue_token,3.453125,3.515625,-0.018099547511312153
CM_B_UM_013,0,1,17,resid_post_cue_token,3.453125,3.515625,-0.018099547511312153
CM_B_UM_013,0,1,18,resid_post_cue_token,3.453125,3.515625,-0.018099547511312153
CM_B_UM_013,0,1,19,resid_post_cue_token,3.453125,3.515625,-0.018099547511312153
CM_B_UM_013,0,1,20,resid_post_cue_token,3.453125,3.515625,-0.018099547511312153
CM_B_UM_013,0,1,22,resid_post_cue_token,3.453125,3.515625,-0.018099547511312153
CM_B_UM_013,0,1,25,resid_post_cue_token,3.453125,3.515625,-0.018099547511312153
TH_B_UM_006,0,1,4,resid_post_cue_token,3.40625,3.171875,0.06880733944954132
TH_B_UM_006,0,1,8,resid_post_cue_token,3.40625,3.171875,0.06880733944954132
TH_B_UM_006,0,1,12,resid_post_cue_token,3.40625,3.171875,0.06880733944954132
TH_B_UM_006,0,1,14,resid_post_cue_token,3.40625,3.171875,0.06880733944954132
TH_B_UM_006,0,1,15,resid_post_cue_token,3.40625,3.171875,0.06880733944954132
TH_B_UM_006,0,1,16,resid_post_cue_token,3.40625,3.171875,0.06880733944954132
TH_B_UM_006,0,1,17,resid_post_cue_token,3.40625,3.171875,0.06880733944954132
TH_B_UM_006,0,1,18,resid_post_cue_token,3.40625,3.171875,0.06880733944954132
TH_B_UM_006,0,1,19,resid_post_cue_token,3.40625,3.171875,0.06880733944954132
TH_B_UM_006,0,1,20,resid_post_cue_token,3.40625,3.171875,0.06880733944954132
TH_B_UM_006,0,1,22,resid_post_cue_token,3.40625,3.171875,0.06880733944954132
TH_B_UM_006,0,1,25,resid_post_cue_token,3.40625,3.171875,0.06880733944954132
CM_B_UM_006,0,2,4,resid_post_cue_token,3.140625,3.203125,-0.01990049751243772
CM_B_UM_006,0,2,8,resid_post_cue_token,3.140625,3.140625,0.0
CM_B_UM_006,0,2,12,resid_post_cue_token,3.140625,3.078125,0.01990049751243783
CM_B_UM_006,0,2,14,resid_post_cue_token,3.140625,3.078125,0.01990049751243783
CM_B_UM_006,0,2,15,resid_post_cue_token,3.140625,3.171875,-0.00995024875621886
CM_B_UM_006,0,2,16,resid_post_cue_token,3.140625,3.171875,-0.00995024875621886
CM_B_UM_006,0,2,17,resid_post_cue_token,3.140625,3.171875,-0.00995024875621886
CM_B_UM_006,0,2,18,resid_post_cue_token,3.140625,3.234375,-0.029850746268656803
CM_B_UM_006,0,2,19,resid_post_cue_token,3.140625,3.203125,-0.01990049751243772
CM_B_UM_006,0,2,20,resid_post_cue_token,3.140625,3.171875,-0.00995024875621886
CM_B_UM_006,0,2,22,resid_post_cue_token,3.140625,3.234375,-0.029850746268656803
CM_B_UM_006,0,2,25,resid_post_cue_token,3.140625,3.234375,-0.029850746268656803
TH_B_UM_008,0,2,4,resid_post_cue_token,2.890625,2.84375,0.01621621621621616
TH_B_UM_008,0,2,8,resid_post_cue_token,2.890625,2.71875,0.05945945945945941
TH_B_UM_008,0,2,12,resid_post_cue_token,2.890625,2.65625,0.08108108108108103
TH_B_UM_008,0,2,14,resid_post_cue_token,2.890625,2.71875,0.05945945945945941
TH_B_UM_008,0,2,15,resid_post_cue_token,2.890625,2.765625,0.043243243243243246
TH_B_UM_008,0,2,16,resid_post_cue_token,2.890625,2.78125,0.037837837837837784
TH_B_UM_008,0,2,17,resid_post_cue_token,2.890625,2.765625,0.043243243243243246
TH_B_UM_008,0,2,18,resid_post_cue_token,2.890625,2.765625,0.043243243243243246
TH_B_UM_008,0,2,19,resid_post_cue_token,2.890625,2.75,0.048648648648648596
TH_B_UM_008,0,2,20,resid_post_cue_token,2.890625,2.796875,0.032432432432432434
TH_B_UM_008,0,2,22,resid_post_cue_token,2.890625,2.765625,0.043243243243243246
TH_B_UM_008,0,2,25,resid_post_cue_token,2.890625,2.734375,0.05405405405405406
EL_B_002,0,2,4,resid_post_cue_token,2.8203125,2.703125,0.04155124653739617
EL_B_002,0,2,8,resid_post_cue_token,2.8203125,2.78125,0.013850415512465353
EL_B_002,0,2,12,resid_post_cue_token,2.8203125,2.671875,0.052631578947368474
EL_B_002,0,2,14,resid_post_cue_token,2.8203125,2.71875,0.03601108033240996
EL_B_002,0,2,15,resid_post_cue_token,2.8203125,2.6953125,0.04432132963988922
EL_B_002,0,2,16,resid_post_cue_token,2.8203125,2.8359375,-0.005540166204986097
EL_B_002,0,2,17,resid_post_cue_token,2.8203125,2.7578125,0.02216066481994461
EL_B_002,0,2,18,resid_post_cue_token,2.8203125,2.78125,0.013850415512465353
EL_B_002,0,2,19,resid_post_cue_token,2.8203125,2.8046875,0.005540166204986097
EL_B_002,0,2,20,resid_post_cue_token,2.8203125,2.765625,0.01939058171745156
EL_B_002,0,2,22,resid_post_cue_token,2.8203125,2.7578125,0.02216066481994461
EL_B_002,0,2,25,resid_post_cue_token,2.8203125,2.7265625,0.03324099722991691
CM_B_UM_012,0,2,4,resid_post_cue_token,2.75,2.328125,0.15340909090909094
CM_B_UM_012,0,2,8,resid_post_cue_token,2.75,2.21875,0.19318181818181823
CM_B_UM_012,0,2,12,resid_post_cue_token,2.75,2.203125,0.19886363636363635
CM_B_UM_012,0,2,14,resid_post_cue_token,2.75,2.203125,0.19886363636363635
CM_B_UM_012,0,2,15,resid_post_cue_token,2.75,2.328125,0.15340909090909094
CM_B_UM_012,0,2,16,resid_post_cue_token,2.75,2.265625,0.17613636363636365
CM_B_UM_012,0,2,17,resid_post_cue_token,2.75,2.25,0.18181818181818177
CM_B_UM_012,0,2,18,resid_post_cue_token,2.75,2.28125,0.17045454545454541
CM_B_UM_012,0,2,19,resid_post_cue_token,2.75,2.1875,0.20454545454545459
CM_B_UM_012,0,2,20,resid_post_cue_token,2.75,2.25,0.18181818181818177
CM_B_UM_012,0,2,22,resid_post_cue_token,2.75,2.203125,0.19886363636363635
CM_B_UM_012,0,2,25,resid_post_cue_token,2.75,2.25,0.18181818181818177
CM_B_004,0,1,4,resid_post_cue_token,2.671875,2.640625,0.011695906432748537
CM_B_004,0,1,8,resid_post_cue_token,2.671875,2.59375,0.0292397660818714
CM_B_004,0,1,12,resid_post_cue_token,2.671875,2.609375,0.023391812865497075
CM_B_004,0,1,14,resid_post_cue_token,2.671875,2.578125,0.03508771929824561
CM_B_004,0,1,15,resid_post_cue_token,2.671875,2.5625,0.040935672514619936
CM_B_004,0,1,16,resid_post_cue_token,2.671875,2.640625,0.011695906432748537
CM_B_004,0,1,17,resid_post_cue_token,2.671875,2.609375,0.023391812865497075
CM_B_004,0,1,18,resid_post_cue_token,2.671875,2.625,0.01754385964912286
CM_B_004,0,1,19,resid_post_cue_token,2.671875,2.5625,0.040935672514619936
CM_B_004,0,1,20,resid_post_cue_token,2.671875,2.609375,0.023391812865497075
CM_B_004,0,1,22,resid_post_cue_token,2.671875,2.65625,0.005847953216374324
CM_B_004,0,1,25,resid_post_cue_token,2.671875,2.640625,0.011695906432748537
CM_B_STD_015,0,3,4,resid_post_cue_token,2.625,2.875,-0.09523809523809534
CM_B_STD_015,0,3,8,resid_post_cue_token,2.625,2.875,-0.09523809523809534
CM_B_STD_015,0,3,12,resid_post_cue_token,2.625,2.875,-0.09523809523809534
CM_B_STD_015,0,3,14,resid_post_cue_token,2.625,2.875,-0.09523809523809534
CM_B_STD_015,0,3,15,resid_post_cue_token,2.625,2.875,-0.09523809523809534
CM_B_STD_015,0,3,16,resid_post_cue_token,2.625,2.875,-0.09523809523809534
CM_B_STD_015,0,3,17,resid_post_cue_token,2.625,2.875,-0.09523809523809534
CM_B_STD_015,0,3,18,resid_post_cue_token,2.625,2.875,-0.09523809523809534
CM_B_STD_015,0,3,19,resid_post_cue_token,2.625,2.875,-0.09523809523809534
CM_B_STD_015,0,3,20,resid_post_cue_token,2.625,2.875,-0.09523809523809534
CM_B_STD_015,0,3,22,resid_post_cue_token,2.625,2.875,-0.09523809523809534
CM_B_STD_015,0,3,25,resid_post_cue_token,2.625,2.875,-0.09523809523809534
CM_B_UM_001,0,2,4,resid_post_cue_token,2.46875,2.4375,0.012658227848101222
CM_B_UM_001,0,2,8,resid_post_cue_token,2.46875,2.46875,0.0
CM_B_UM_001,0,2,12,resid_post_cue_token,2.46875,2.5625,-0.03797468354430378
CM_B_UM_001,0,2,14,resid_post_cue_token,2.46875,2.5,-0.012658227848101333
CM_B_UM_001,0,2,15,resid_post_cue_token,2.46875,2.5625,-0.03797468354430378
CM_B_UM_001,0,2,16,resid_post_cue_token,2.46875,2.53125,-0.025316455696202445
CM_B_UM_001,0,2,17,resid_post_cue_token,2.46875,2.5,-0.012658227848101333
CM_B_UM_001,0,2,18,resid_post_cue_token,2.46875,2.5,-0.012658227848101333
CM_B_UM_001,0,2,19,resid_post_cue_token,2.46875,2.46875,0.0
CM_B_UM_001,0,2,20,resid_post_cue_token,2.46875,2.59375,-0.05063291139240511
CM_B_UM_001,0,2,22,resid_post_cue_token,2.46875,2.53125,-0.025316455696202445
CM_B_UM_001,0,2,25,resid_post_cue_token,2.46875,2.53125,-0.025316455696202445
CM_B_STD_014,0,3,4,resid_post_cue_token,2.40625,2.34375,0.025974025974025983
CM_B_STD_014,0,3,8,resid_post_cue_token,2.40625,2.46875,-0.025974025974025983
CM_B_STD_014,0,3,12,resid_post_cue_token,2.40625,2.3125,0.038961038961038974
CM_B_STD_014,0,3,14,resid_post_cue_token,2.40625,2.34375,0.025974025974025983
CM_B_STD_014,0,3,15,resid_post_cue_token,2.40625,2.34375,0.025974025974025983
CM_B_STD_014,0,3,16,resid_post_cue_token,2.40625,2.375,0.012987012987012991
CM_B_STD_014,0,3,17,resid_post_cue_token,2.40625,2.4375,-0.01298701298701288
CM_B_STD_014,0,3,18,resid_post_cue_token,2.40625,2.40625,0.0
CM_B_STD_014,0,3,19,resid_post_cue_token,2.40625,2.3125,0.038961038961038974
CM_B_STD_014,0,3,20,resid_post_cue_token,2.40625,2.34375,0.025974025974025983
CM_B_STD_014,0,3,22,resid_post_cue_token,2.40625,2.25,0.06493506493506496
CM_B_STD_014,0,3,25,resid_post_cue_token,2.40625,2.40625,0.0
